"account_id","num_credit","num_withdrawal","max_credit","min_credit","avg_credit","median_credit","iqr_credit","max_withdrawal","min_withdrawal","avg_withdrawal","median_withdrawal","iqr_withdrawal","avg_amount","median_amount","iqr_amount","max_balance","min_balance","avg_balance","median_balance","iqr_balance","frequency_num","avg_monthly_balance","time_bf_loan","age_at_loan","card_num","status","age","gender","avg_salary","district_id","nb_inhabitants","nb_cities","ratio_urban_inhabitants","unemploymant_95","unemploymant_96","nb_entrepeneurs","crime_95","loan_id","duration_loan","payments_loan"
1787,4,0,9900,1100,5025,4550,4075,0,0,0,0,0,5025,4550,4075,20100,1100,12250,13900,9100,"weekly issuance",12250,383,459983,"none",-1,73,"F",9650,30,94812,10,81.8,"3.38",3.67,100,2985,5314,12,8033
1801,17,18,36574,2.9,13523.1588235294,8368,27791.6,54300,14.6,8884.24,3793,5997.25,1411.05135135135,-14.6,9797,120512.8,700,52083.8594594595,52208.9,43312.7,"monthly issuance",46732.2390740741,498,249989,"none",1,53,"M",8369,46,112709,10,73.5,"1.79",2.31,117,2854,5316,36,4610
9188,15,9,19065,48.6,5009.73333333333,139.8,12613.65,14800,66,6097,5300,8500,844.708333333333,84.85,3400,49590.4,800,30060.9541666667,30463.95,9173.775,"monthly issuance",25587.1755952381,520,570126,"none",1,85,"M",8390,45,77917,5,53.5,"2.28",2.89,132,2080,6863,60,2118
1843,13,12,26448,132.8,9254.6,3900,17453.9,15600,14.6,7168.1,6994,7425,1371.704,132.8,10894,65898.5,1000,41297.48,39450.5,15621.9,"monthly issuance",33742.3734693878,673,530383,"none",1,80,"F",8754,12,107870,6,58,"3.83",4.31,137,3804,5325,36,2939
11013,13,14,63366,77.1,21255.9307692308,600,42035.7,36700,30,16801,12199.5,24350,1522.70740740741,-30,12626.9,122893.1,600,57188.2111111111,51865.1,21915.9,"weekly issuance",51800.6414965986,692,149999,"none",1,43,"M",12541,1,1204953,1,100,"0.29",0.43,167,85677,7240,60,4579
8261,14,3,32938,51.3,7331.98571428571,263.4,16846.575,22000,15200,19600,21600,3400,2579.28235294118,176.4,2045.7,65847.8,500,46318.5529411765,57602.6,40148.7,"monthly issuance",45947.94,401,130697,"none",1,40,"F",8598,13,53921,2,41.3,"2.77",3.26,123,1597,6687,24,3660
11265,21,22,11427,43.9,4304.0380952381,3700,7505.8,17920,14.6,3152.53636363636,2607,3944,489.046511627907,-14.6,6107,41469.1,1000,22198.1790697674,21029,6879.55,"monthly issuance",21108.6166666667,801,200699,"none",1,48,"M",9045,15,58796,5,51.9,"3.13",3.6,124,1845,7284,12,4399
5428,16,14,47436,77.8,13374.85,5634,24160.925,52600,14.6,9741.05,5100,5055.25,1816.9,31.6,10617,105628,1000,37485.45625,26584.9,35899.15,"monthly issuance",39265.6888492064,510,450112,"none",-1,72,"F",8991,24,122603,8,80,"1.39",2.01,128,5198,6111,24,7281
10973,16,14,39098,13.6,11408.9875,5951,23929.675,19200,30,8071.3125,6450,12461.75,1668.8375,-8.2,10150.5,81723.5,8897,46715.8,45202.6,20033.875,"weekly issuance",45394.0625510204,593,240488,"none",1,51,"F",8968,18,70699,4,65.3,"2.83",3.35,131,1740,7235,48,3217
4894,9,4,29255,45.1,13154.8333333333,800,29073.4,24000,2100,16300,19550,9750,4091.80769230769,181.6,31355,76985.2,800,44131.1692307692,47548.6,23138.5,"monthly issuance",38353.68,484,580101,"none",1,86,"M",10045,14,177686,9,74.8,"1.42",1.71,135,6604,5997,24,4876
10364,21,24,21739.5,38.3,7551.7380952381,4200,14360.3,17200,14.6,4562.625,4950,5787,1090.74444444444,-14.6,6200,60432.4,1100,34272.2133333333,33949.4,9004.7,"monthly issuance",32475.7350649351,993,330290,"none",1,61,"M",8743,55,157042,9,33.9,"1.88",2.43,111,3659,7121,36,609
5270,22,28,67124,110.2,23558.2909090909,22774.5,44459.075,51700,14.6,13372.1483870968,10200,19111,1957.4679245283,-14.6,11766.4,125825.7,800,69954.5716981132,74616.4,35062.5,"monthly issuance",69275.0657142857,1009,230694,"none",1,51,"M",8254,44,105606,7,53,"2.79",3.76,97,2166,6077,24,3317
6034,31,28,47757,42.4,16035.5580645161,15436,25447.8,41000,30,11073.8378378378,8500,12055,1284.85735294118,-30,18403.25,125943.1,200,51760.0161764706,46393.3,37553.35,"weekly issuance",48798.1252910053,882,529999,"none",-1,80,"F",8546,6,77963,4,51.5,"2.95",4.02,126,2640,6228,60,7742
6701,22,23,35760,23.6,11706.5909090909,7262,20375.7,33500,30,9195.12,2700,11900,588.659574468085,-30,5844.5,92354.8,200,41562.3234042553,39490,32647.8,"weekly issuance",41383.9890740741,893,220998,"none",1,50,"M",8208,49,75685,9,60.8,"1.89",2.26,155,1660,6356,36,2650
2705,12,7,15649,48,7084.7,3000,15458.975,15500,100,7185.71428571429,3900,9500,1827.17894736842,189.2,13474.5,52378.2,600,37510.4947368421,37476.1,15243.1,"issuance after transaction",35811.6833333333,503,430188,"none",1,70,"F",8288,63,86513,5,50.5,"3.79",4.52,110,1562,5523,36,2608
7123,22,19,47705,32.8,13031.0636363636,7967,25138.275,51800,100,11395.5,8393,11935.75,1399.36666666667,71,14136,112901.6,200,60382.0857142857,63745.3,33269.925,"issuance after transaction",51501.2518518518,795,359978,"none",1,63,"F",9624,64,197099,10,74.7,"1.60",2.31,145,4484,6456,12,3918
10320,10,7,38960,75.3,14443.35,13386.5,25713.175,21500,1300,11030.5714285714,11700,7257,3954.08823529412,185.7,35173,79633.5,800,45198.1529411765,44480,25973,"monthly issuance",39381.5888888889,502,140897,"none",1,42,"M",9893,68,228848,6,57.2,"4.09",4.72,96,5623,7104,60,4329
9034,18,10,32706,9.9,8067.86111111111,180.3,21760.3,20600,14.6,8863.23636363636,9115,5751.5,1645.72068965517,21.6,7200,62324.6,900,37462.0931034483,35767.5,15723.8,"monthly issuance",32929.7948979592,588,281094,"none",1,55,"F",12541,1,1204953,1,100,"0.29",0.43,167,85677,6820,12,3179
9236,12,3,17859,29.8,4879.43333333333,458.85,11849.55,11100,2200,7100,8000,4450,2483.54666666667,88.4,7822.05,48353.1,800,25714.0466666667,26411.7,13883.45,"monthly issuance",23685.845,403,320293,"none",1,60,"M",9622,11,75637,7,36.5,"0.45",0.59,154,3475,6876,12,7218
10266,15,8,49887,50.5,11677,318.9,17445.3,31100,3200,16650,15200,14325,1824.13043478261,164.6,8959.45,89754.8,400,50009.9086956522,51090.4,21705.4,"monthly issuance",48161.1228571429,613,350016,"none",-1,62,"M",9897,54,387570,1,100,"1.60",1.96,140,18721,7097,24,3151
2,22,29,30354,13.5,10394.7863636364,2400,20095.5,22400,14.6,6276.39375,4100,5024.5,515.568518518519,-14.6,5258.3,67529.6,1100,32590.6240740741,31258.65,13579.5,"monthly issuance",31657.2392496392,9879,489901,"none",1,76,"M",12541,1,1204953,1,100,"0.29",0.43,167,85677,4959,24,3373
7401,22,29,30354,13.5,10395.1772727273,2400,20090.8,22400,14.6,6248.26875,4050,5049.5,532.394444444444,-14.6,5257.475,67529.6,1100,33312.5388888889,32353.2,13016.55,"monthly issuance",32047.5985569986,9879,489901,"none",1,76,"M",12541,1,1204953,1,100,"0.29",0.43,167,85677,6499,24,3373
2486,31,33,49536,12.5,20344.6774193548,13907,39172.15,59200,14.6,13143.5428571429,8250,14663.25,1077.48219178082,-14.6,16817,125254.2,200,55582.2260273973,49695.4,47075.2,"monthly issuance",47671.8481529582,9883,359103,"none",1,63,"M",12541,1,1204953,1,100,"0.29",0.43,167,85677,5479,12,2043
1071,21,17,46304,69.5,13560.8904761905,5800,19893.6,42600,30,10181.4,5000,13857,1979.28536585366,69.5,10700,104417.9,800,47302.5463414634,48028.4,49698.4,"weekly issuance",46825.1695767196,9610,439807,"none",1,70,"F",9893,68,228848,6,57.2,"4.09",4.72,96,5623,5170,60,4220
8475,13,2,9738,48.5,3012.85384615385,300,6406,5700,2600,4150,4150,1550,2057.80666666667,107.8,6430.7,33467,1100,21575.6866666667,22671.3,11155.35,"monthly issuance",19563.465,9213,299312,"none",1,56,"F",9753,4,149893,6,67.4,"4.64",5.05,109,5244,6721,24,878
11111,23,32,45740,35.7,16822.8260869565,7983,36867.2,60600,14.6,11406.3625,4736,12175,398.570909090909,-14.6,7186,123863.4,900,54652.8981818182,47847.1,36493.35,"monthly issuance",49101.3046873497,9611,309619,"none",1,57,"F",12541,1,1204953,1,100,"0.29",0.43,167,85677,7259,36,3004
1603,24,27,11416,24,3975.20833333333,2400,7481.175,6300,14.6,2622.37037037037,2359,3373,482.372549019608,-14.6,3809,40560.3,900,25900.3196078431,25457.3,8492.35,"monthly issuance",25773.6537460317,9697,370084,"none",1,63,"F",12541,1,1204953,1,100,"0.29",0.43,167,85677,5285,12,6578
1166,20,32,27946,31.1,9496.58,1200,18475.125,15900,14.6,5026.41176470588,4298.5,2200,352.474074074074,-2250,4558.425,62441.6,200,36845.5888888889,36475.7,14690.9,"monthly issuance",34581.843015873,9786,258987,"none",1,52,"F",9622,11,75637,7,36.5,"0.45",0.59,154,3475,5189,48,3105
8073,17,30,45628,166.4,15663.0352941176,12334,19700,62700,100,7831.1875,3950,10872,319.869387755102,-695,7723,126833,900,46576.2775510204,39734.1,36295,"issuance after transaction",42620.3379124579,9314,489214,"none",-1,75,"F",8991,24,122603,8,80,"1.39",2.01,128,5198,6650,12,4110
10940,11,5,36216,68.3,12363.1454545455,2300,23947.5,25100,5700,18540,24200,11900,2705.9125,196.5,31644,74413.6,300,44735.43125,48920.45,14620.575,"monthly issuance",39798.1611111111,9310,239718,"none",1,50,"F",8187,50,102609,6,52,"4.83",5.45,94,2123,7226,36,5493
5313,24,41,44519,39.4,14927.625,7233,29486.2,48900,14.6,7722.47619047619,5200,5683,513.924242424242,-958,6028.025,135175.2,800,45854.8909090909,39005.3,36218.45,"monthly issuance",38059.6185491276,9798,440120,"none",1,71,"M",9317,40,128118,8,85.3,"6.49",7.07,97,6949,6087,60,5011
11135,10,3,23204,67.1,7666.09,3250,15301.325,12600,8600,10333.3333333333,9800,2000,3512.37692307692,183.5,15401.9,52246,500,33229.1076923077,36777,23204,"monthly issuance",28865.2266666667,9291,349778,"none",1,62,"M",8819,75,138032,5,64.6,"5.38",5.66,99,4063,7262,36,5073
2694,27,43,26378,54.1,8784.24444444444,700,17399.7,18300,14.6,4746.80930232558,3532,5660,472.311428571429,-307.3,5096.725,64577.8,700,40976.9428571429,39417.35,14041.5,"monthly issuance",40144.6444139194,10000,319080,"none",1,58,"F",9920,7,94725,6,63.4,"2.26",2.87,130,4289,5519,12,7636
7753,44,50,46889,119.6,16546.9522727273,9257,27347.3,59600,14.6,11894.2,4454.5,15604.5,374.532352941176,-14.6,14037.75,124339.4,600,58226.5049019608,59096.3,36129.175,"monthly issuance",56046.6511827458,10103,260183,"classic",1,52,"F",10673,74,323870,1,100,"4.75",5.44,100,18782,6577,24,2154
7445,47,39,48139,27.2,9204.86382978723,314.8,14965.45,34100,14.6,8239.49019607843,3900,12156,126.679591836735,-14.6,4441.525,113350.7,200,46061.3193877551,46210.25,32184.45,"monthly issuance",41119.284137337,9997,549090,"none",1,81,"F",9624,64,197099,10,74.7,"1.60",2.31,145,4484,6509,24,2307
7485,18,16,34198,16,10908.2777777778,700,22645.25,22100,14.6,9090.76666666667,9939.5,11850,908.755555555556,0.7,10469.75,76736.9,700,32558.5333333333,30933.6,17352.675,"monthly issuance",31294.3315696649,9588,389490,"none",1,65,"F",10446,39,119895,4,89.9,"7.34",9.4,90,4947,6520,24,3800
8330,36,45,31677,9.2,7746.08888888889,214.2,20943.375,21700,14.6,5389.02666666667,3360,5580,448.802469135802,-14.6,3917.8,73069.1,600,46444.6395061728,43685.9,15718,"monthly issuance",42343.8083298112,10002,319427,"none",1,58,"F",9060,48,78955,9,59,"1.78",2.44,124,1655,6699,24,319
6555,31,37,48828,71.5,13977.9419354839,7707,28950.7,42900,30,9227.375,5150,9787.25,904.523943661972,-30,5699.35,133215.2,300,51034.361971831,46028,34745.9,"weekly issuance",49550.1106410256,10026,279307,"none",1,54,"F",8965,38,85852,4,59.8,"7.08",8.23,104,2653,6336,36,5900
10079,33,43,49980,91.4,17751.0666666667,16919,31044,49200,14.6,11879.8913043478,4950,19076,497.59746835443,-14.6,14611.5,143605.7,1100,63707.6265822785,60620.5,34170.05,"monthly issuance",60786.6320210862,9900,240289,"none",1,50,"F",8544,62,145688,5,40.7,"1.29",1.86,109,2719,7055,60,2785
5385,23,32,22404,32.2,7546.75217391304,1400,14802.45,13200,30,4546.57575757576,3100,6954,420.326785714286,-30,4269.55,53214,500,29069.1160714286,30366.1,12925.375,"weekly issuance",28121.8242424242,9886,310206,"none",1,58,"M",8254,44,105606,7,53,"2.79",3.76,97,2166,6103,60,2489
5891,30,48,48891,21.6,17495.9166666667,16747,32399.2,39900,14.6,8786.19230769231,5390,10125,829.213414634146,-3000,7177,102410.3,900,47426.55,44886.4,19532.8,"monthly issuance",46968.0268452381,10293,369489,"none",1,64,"M",9897,54,387570,1,100,"1.60",1.96,140,18721,6202,12,5432
10131,10,5,49757,18,6116.29,162,736.375,11400,2600,6100,5200,5100,2044.19333333333,26.4,3014,50757,1000,32702.7266666667,33445.6,8408.15,"monthly issuance",28125.0666666667,9375,349285,"none",-1,61,"M",12541,1,1204953,1,100,"0.29",0.43,167,85677,7066,36,5983
8321,44,43,15843,25.2,3735.12272727273,160.45,10457.425,11400,14.6,3140.4511627907,1700,5640.5,336.850574712644,25.2,1810.45,46550.2,800,30045.4,29756.6,10771.2,"monthly issuance",30501.8510871272,10097,240384,"none",1,50,"F",8909,77,148545,4,53.5,"4.01",5.56,113,3460,6696,60,1484
5256,20,9,41783,52.4,14309,7411.5,30565.1,54200,100,22822.2222222222,23400,20500,2785.51724137931,176.2,24181,120567.3,800,63579.2172413793,60883,39516.7,"issuance after transaction",43848.4570075758,9485,219307,"none",1,48,"M",8994,72,226122,4,62.6,"3.80",4.79,110,9672,6072,36,5388
813,37,36,18231,35.5,5601.63243243243,1400,12018.2,24322,14.6,4360.94146341463,2300,4485.4,364.894871794872,-14.6,3625,48277.9,1100,29380.8397435897,29066.75,10592.125,"monthly issuance",29046.8002083333,10301,389392,"none",1,65,"F",8427,16,93931,8,56.9,"1.12",1.54,107,1874,5130,12,2026
2933,34,45,42400,13.3,13755.7529411765,9061.5,26190.05,56700,14.6,8753.708,5753.5,5175,357.264285714286,-14.6,8307,121891.4,1100,44602.6416666667,40834.55,26535.65,"monthly issuance",38933.8913558201,9899,549615,"none",1,82,"M",10124,10,92084,5,46.7,"0.56",0.54,141,3810,5568,60,4542
8173,22,28,61260,147.8,20306.6227272727,7100,40492.925,39200,14.6,11913.4333333333,7000,17700,1718.12884615385,-14.6,7809.375,122523.5,1100,61531.5903846154,62771.95,36245.8,"monthly issuance",59734.8846969697,9815,180314,"none",1,44,"F",9622,11,75637,7,36.5,"0.45",0.59,154,3475,6678,12,6695
9833,20,43,73224,46.7,25763.21,24958,48634.7,54700,14.6,10531.8666666667,6531,3285,635.849230769231,-5915,8080.1,119900.1,1100,53379.1276923077,49969.1,28390.1,"monthly issuance",52205.8420690421,9797,259614,"none",1,52,"F",8547,20,70646,4,58.4,"2.65",3.64,120,1563,6998,12,8136
7769,20,24,46888,123.9,14476.62,8100,25727.125,35700,14.6,7506.48148148148,4900,8319.5,1848.02978723404,-14.6,6150,97457.4,900,49143.9659574468,48121.2,31615.35,"monthly issuance",50421.4448710317,9519,359995,"none",1,63,"M",8624,23,87419,9,85.5,"1.79",2.66,102,2879,6580,48,4085
6473,42,52,47434,17,15876.1357142857,9009,29264.05,52200,14.6,10865.1533333333,7400,10514.5,145.96568627451,-14.6,9301.5,126002.8,1100,52890.4039215686,48975.5,31907.175,"monthly issuance",49515.7250171887,10400,480407,"none",-1,74,"F",8754,12,107870,6,58,"3.83",4.31,137,3804,6316,12,6409
7454,35,47,10500,26.5,2763.92,3500,4056.5,4600,14.6,1450.71914893617,1200,1835,348.212195121951,-14.6,3100,31462.9,500,22551.7792682927,23375.6,6648.2,"monthly issuance",21653.9229875283,10107,380019,"none",1,64,"F",9753,4,149893,6,67.4,"4.64",5.05,109,5244,6512,48,1319
6930,19,18,36289.5,65.4,12249.3368421053,600,23918.65,29900,14.6,9074.35555555556,3220,18350,1875.64864864865,65.4,2000,80155.2,600,56927.4540540541,64208.2,22661,"monthly issuance",54813.8481481481,9618,340005,"none",1,60,"F",9832,41,118650,3,85.6,"3.32",4.48,114,6445,6407,24,1081
173,12,18,25970,19.5,9470.5,8906.5,17152.375,16400,14.6,4757.25555555556,3150,5680.75,933.846666666667,-462,5791.95,57865.3,500,38709.83,40422.45,8588.075,"monthly issuance",33549.0428571429,9405,549401,"none",1,81,"M",8512,66,125832,5,48.3,"3.51",4.12,102,2247,5002,12,8734
8051,33,46,39060,79,12819.8545454545,900,25847.8,29700,30,7286,4750,9921,519.802352941176,-30,5514.1,82981.9,200,43944.8894117647,43830.7,23445.3,"weekly issuance",42854.0384821429,10394,260187,"none",1,52,"F",12541,1,1204953,1,100,"0.29",0.43,167,85677,6647,48,4340
10439,13,11,56835,59.9,19058.4076923077,300,37665,37200,14.6,15095.7466666667,13577,15633.5,761.539285714286,-14.6,14462.475,97912.7,300,53976.2928571429,51378.05,21898.675,"monthly issuance",47425.4510416667,9482,410098,"none",1,68,"M",8512,66,125832,5,48.3,"3.51",4.12,102,2247,7137,24,6315
9337,39,29,44473,38.7,6244.83846153846,177.5,3814,27300,0.1,5771.99375,2800,8810.4,828.801408450704,59.1,2482.95,59944.2,144.2,33459.6802816901,33360.4,35638.65,"monthly issuance",36748.200914903,9691,349887,"none",1,61,"F",9650,30,94812,10,81.8,"3.38",3.67,100,2985,6903,24,2172
4576,27,44,28365,83.6,9277.39259259259,300,18748.6,18300,14.6,4921.74545454545,5080,5600,477.92676056338,-600,5698.15,57676.7,300,34084.4605633803,33811.7,15430.35,"monthly issuance",35591.9718353175,9999,300291,"none",1,57,"M",8561,27,67298,7,43.8,"0.65",1.29,110,1029,5918,36,8339
8027,22,33,58227,138.1,18776.6772727273,1400,38532.45,35000,30,10059.5,6350,8520,513.765,-3300,7593.975,117489.5,700,55570.305,54540.15,33534.075,"weekly issuance",52666.7697313797,9898,269895,"none",1,54,"M",8254,44,105606,7,53,"2.79",3.76,97,2166,6642,12,6470
5927,21,11,16356,16.7,3691.82380952381,149.9,10791.3,12600,14.6,4653.1,4700,4375,657.306060606061,112.4,2300,41410,200,28362.2484848485,30280.9,11818.7,"monthly issuance",25122.6022675737,9480,300093,"none",-1,57,"M",9045,15,58796,5,51.9,"3.13",3.6,124,1845,6210,48,1817
6273,16,13,49341,63.3,8544.575,193.75,9386.575,22800,14.6,7689.65714285714,5950,5800,968.6,100.7,5894.025,69174.6,200,36783.95,34673.25,16157.8,"monthly issuance",33310.6196969697,9886,319897,"none",1,59,"M",8965,38,85852,4,59.8,"7.08",8.23,104,2653,6279,24,3640
11065,31,47,17782,34.2,6597.13225806452,6000,11708.55,13700,14.6,3528.63829787234,1800,3600,495.70641025641,-14.6,2826.45,52365,1100,33857.1064102564,34012.6,11016.05,"monthly issuance",32178.6358928571,10293,529884,"none",1,80,"M",9622,11,75637,7,36.5,"0.45",0.59,154,3475,7249,48,1445
8558,8,2,27116,8.7,8081.3,468.55,14373.1,15200,6000,10600,10600,4600,4345.04,77.3,8065.2,58495.8,800,33211.76,34368.9,11948.675,"issuance after transaction",23026.1,387,589399,"none",1,85,"M",12541,1,1204953,1,100,"0.29",0.43,167,85677,6736,60,4806
5442,38,78,46739,33.3,11542.8289473684,7975.5,17291.525,37500,0.2,5396.2075,2070,7093,58.7364406779661,-1017,6081.825,96659.4,-1369.2,26252.8144067797,18050.3,27262.175,"monthly issuance",25151.137587482,10295,159496,"none",-1,42,"F",9675,34,125236,5,87.7,"6.43",7.68,100,5323,6112,24,7281
1811,18,27,35918,30.4,13387.9388888889,12122.5,23769.025,23200,14.6,7312.22857142857,4850,6860,787.836956521739,-1700,6955.025,74408.8,300,40061.5804347826,41074.75,21317.5,"monthly issuance",38246.2492460317,9701,519710,"none",1,78,"F",9317,40,128118,8,85.3,"6.49",7.07,97,6949,5319,60,3991
7844,14,12,47906,29.4,18390.3714285714,16468.5,31745.4,30600,14.6,12213.0705882353,10436,15276,1607.83870967742,-14.6,11271.45,83039.4,1000,50765.4161290323,49368.8,24826.25,"monthly issuance",46652.0395833333,9499,429509,"none",1,69,"F",12541,1,1204953,1,100,"0.29",0.43,167,85677,6596,24,3816
4260,18,20,36680,65.4,12456.1611111111,1200,24284.35,24600,14.6,8453.53333333333,5100,8181,507.764285714286,-557.3,6271.825,72512.5,1000,38426.7285714286,34945.45,21481.875,"monthly issuance",37104.8712962963,9615,269910,"none",1,53,"F",8772,56,124605,8,46,"4.69",4.98,126,2854,5837,60,4076
3354,19,27,15528,35.6,5352.51578947368,800,10202.95,16000,14.6,2933.23703703704,1540,3600,489.139130434783,-107.3,1974.25,41106.2,800,30533.3717391304,32068.7,11188.5,"monthly issuance",28793.5314373898,9600,419979,"none",1,68,"F",8288,63,86513,5,50.5,"3.79",4.52,110,1562,5657,12,415
2762,55,93,49388,29,19164.7490909091,16576,31789.2,61700,14.6,10327.2412371134,6500,8267,344.202631578947,-733,8823.75,141386,500,65097.2243421053,60423.05,38035.825,"monthly issuance",62062.4547504783,10385,270495,"none",1,54,"M",8402,19,51428,4,52.7,"3.13",3.98,120,999,5533,24,4641
6051,30,28,11600,9.5,3712.36666666667,4987,5580.825,9800,14.6,3270.98571428571,2700,3705,341.093103448276,30.55,7537,32720.4,500,19256.8948275862,19345.25,6208.525,"monthly issuance",18365.5327561328,9880,450190,"none",-1,72,"M",8772,56,124605,8,46,"4.69",4.98,126,2854,6232,36,7685
9265,53,62,49603,21.3,9203.38490566038,292.8,11091.1,38400,14.6,7481.9064516129,4017,6968,207.83652173913,-14.6,4246.4,103467.2,300,48944.827826087,43121.1,36617.3,"monthly issuance",45202.8791688713,10507,140209,"none",1,40,"F",12541,1,1204953,1,100,"0.29",0.43,167,85677,6888,12,3298
5228,26,42,74522,43.3,26907.2269230769,25340.5,49415.275,38200,100,12350.1224489796,7200,17900,1259.092,-2400,12725.55,134416.6,1000,61218.6586666667,55272.7,29875.85,"issuance after transaction",59553.9061054422,10088,370584,"none",1,63,"F",8909,77,148545,4,53.5,"4.01",5.56,113,3460,6066,24,7242
2824,19,24,22927.5,32.6,8327.07368421053,3500,15132.35,15000,14.6,4861.80833333333,4870,6641.75,965.837209302326,-14.6,6645.05,51971.4,800,37570.6279069767,36538.2,9722.5,"monthly issuance",34151.5459880952,9696,469699,"none",1,73,"F",9622,11,75637,7,36.5,"0.45",0.59,154,3475,5549,60,841
426,26,29,49937,8.2,14985.1730769231,17694,20486.825,41700,14.6,9129.08571428571,4787,12109,1149.12295081967,-14.6,18530,106259.6,900,57340.5081967213,55137.2,31573.6,"monthly issuance",48540.4142135642,9590,289916,"none",-1,55,"F",12541,1,1204953,1,100,"0.29",0.43,167,85677,5060,60,4201
4937,47,83,46108,6.7,14003.6021276596,8356,22720.4,60500,14.6,6737.3152173913,2687,7100,275.80071942446,-800,5514.1,134571.2,700,49727.4561151079,47877.9,33164.1,"monthly issuance",48346.2284656085,10503,430313,"none",1,70,"M",8754,12,107870,6,58,"3.83",4.31,137,3804,6004,24,5996
790,29,34,47493,30.9,11823.6689655172,5459,20359.8,36500,14.6,7468.90857142857,4500,6400,1273.040625,-14.6,5422.325,96064,-1069.7,36369.975,35895.9,30695.225,"monthly issuance",37009.8493333333,10213,429918,"none",-1,70,"M",9897,54,387570,1,100,"1.60",1.96,140,18721,5126,48,4336
10911,29,53,32823,12.1,11868.1862068966,2200,21729.6,24000,30,5792.88888888889,4300,5137,377.848192771084,-2100,7467,70288.4,1000,36635.1156626506,36978.9,14715.7,"weekly issuance",35640.5523015873,10199,400408,"none",1,67,"M",12541,1,1204953,1,100,"0.29",0.43,167,85677,7220,36,3647
8129,26,41,30918,16.5,11194.3346153846,10656,20445.5,20000,14.6,6288.01951219512,6184,8500,496.177611940299,-14.6,6356.05,62084,700,37912.9985074627,35876.3,11542.65,"monthly issuance",35805.4285714286,10104,289701,"none",1,56,"M",8390,45,77917,5,53.5,"2.28",2.89,132,2080,6668,36,2076
2176,46,72,47189,46.2,17668.6804347826,14240,31952.6,59400,14.6,9916.3825,5135,10391,154.354761904762,-1085,7775,193909.9,500,51992.8547619048,43151,42691.925,"monthly issuance",46736.5254135407,10124,279520,"none",-1,54,"F",8110,67,106054,6,63.1,"5.77",6.55,109,3244,5395,36,8308
9093,42,60,28413,43.8,6502.74761904762,139.3,18848.4,24960,14.6,4142.72333333333,2617,2679,240.705882352941,-57.3,2873.4,61043.3,800,32354.031372549,31916.25,14014.425,"monthly issuance",31487.6382242063,10187,409598,"none",1,67,"M",9538,47,162580,6,72.8,"1.51",1.81,111,6079,6836,60,3155
5215,29,73,23230.5,49.4,7799.86896551724,900,15343.4,14100,2,2620.45753424658,870,4943,342.18431372549,-372,1959.475,52184.7,200,32788.1421568627,32669.9,9186.875,"monthly issuance",32733.0442375925,10103,450496,"none",1,71,"F",8743,55,157042,9,33.9,"1.88",2.43,111,3659,6064,12,1219
9403,36,56,48618,85,13123.8777777778,4050,28193.275,49200,30,7007.41666666667,3225,4950,541.81875,-30,3541.025,116468.4,600,40838.7552083333,33379.5,29046.925,"weekly issuance",37925.7644400353,10478,500385,"none",1,76,"F",12541,1,1204953,1,100,"0.29",0.43,167,85677,6919,36,3358
9104,25,16,45518,19.3,10713.956,287.2,21997.8,40100,14.6,12331.7294117647,12081,15100,1385.94047619048,93.2,9483.525,119138.8,200,60743.9571428571,59753.5,28804.775,"monthly issuance",54564.7465079365,686,370502,"none",1,63,"F",10124,10,92084,5,46.7,"0.56",0.54,141,3810,6841,48,3585
5120,28,25,44802,52.9,13879.1892857143,7350,28070.45,33900,14.6,11015.0896551724,7700,17192,1213.67894736842,-14.6,14000,119934.1,200,45414.0736842105,41127,42485.7,"monthly issuance",37653.1252380952,10189,539795,"none",1,80,"F",12541,1,1204953,1,100,"0.29",0.43,167,85677,6038,48,6739
8519,49,59,56019,96.1,13496.9469387755,244.7,37167.5,38400,14.6,10038.3682539683,7600,9061,258.332142857143,-14.6,10438.975,104902.4,1100,48484.6241071429,44522.6,20719.125,"monthly issuance",49660.6482446312,10409,490685,"none",1,75,"F",8624,23,87419,9,85.5,"1.79",2.66,102,2879,6729,12,6224
10788,22,5,36574,24.2,4701.25454545455,187.6,5410.6,23900,1000,9800,6800,7300,2015.83703703704,136.7,2222.6,78327.5,800,32555.8185185185,30481.3,17399.8,"weekly issuance",30881.5425,9701,170296,"none",1,43,"F",8110,67,106054,6,63.1,"5.77",6.55,109,3244,7198,12,3814
8260,34,50,56152,32.7,20475.0441176471,18868.7,37214.75,40000,14.6,11116.3423728814,7200,13970.5,433.196774193548,-2100,8429.5,109178.4,200,57496.9892473118,54052.7,22482.2,"monthly issuance",54883.7618085618,10501,180301,"none",1,45,"M",8930,31,51313,4,59.2,"3.52",4.2,108,1328,6686,36,6239
4259,10,6,66165,112.5,24446.25,22505,43828.35,64300,9516,25786,22000,15625,5609.15625,273.2,55635,119373.5,900,63494.2,55248.2,37134.175,"monthly issuance",63010.49,419,350017,"none",1,61,"F",8512,66,125832,5,48.3,"3.51",4.12,102,2247,5836,24,3318
10105,39,47,49558,17.7,16312.041025641,11866,31488.35,64900,14.6,11004.6740740741,6300,13271.75,450.722580645161,-14.6,8042,133454.9,600,54422.5967741935,51608.4,26867,"monthly issuance",47712.8767783197,10399,290520,"none",1,56,"M",8743,55,157042,9,33.9,"1.88",2.43,111,3659,7061,24,5079
3050,34,83,62168,130.5,20655.8705882353,1600,41169.5,38600,14.6,7111.01739130435,6350,9597,381.634920634921,-119,8801.3,107680.9,900,57141.730952381,58254.7,31493.95,"monthly issuance",58044.0647235577,10394,220696,"classic",1,49,"M",8441,60,110643,4,51.9,"3.45",4.48,115,1879,5595,12,6908
3674,49,59,43694,1.7,11783.8816326531,8700,19844.1,35200,14.6,8414.98032786885,5513,7903,582.694545454546,-14.6,12586.25,140228.7,1000,47420.8418181818,43391.8,40145.7,"monthly issuance",44349.6788567573,10598,400601,"none",1,67,"M",8965,38,85852,4,59.8,"7.08",8.23,104,2653,5723,12,1969
5481,26,38,54645,70.1,19731.7923076923,18715,36249.475,61800,14.6,11161.2333333333,6992,12849,650.805882352941,-1507.3,10687.8,110583.8,1000,46230.3397058824,42641.3,21090.9,"monthly issuance",45253.794829932,10095,410293,"none",1,68,"M",8363,52,139012,10,61.9,"2.52",3.49,108,2564,6120,48,4358
9307,63,76,48546,0.8,7938.83809523809,207.8,8296.9,51700,14.6,5761.775,3550,1919,274.159440559441,-14.6,3976.45,129123,900,36080.3867132867,31126,29958,"monthly issuance",33224.5850010307,10795,200211,"none",1,47,"M",9893,68,228848,6,57.2,"4.09",4.72,96,5623,6895,12,3492
4427,41,43,14886,54.5,4840.64878048781,3800,9808.2,10300,14.6,4251.18604651163,5005,5610,186.495238095238,-14.6,8580,43442.2,800,25533.2142857143,24809.2,8336.525,"monthly issuance",24225.9194940476,10319,330424,"none",1,60,"M",9272,32,105058,10,81,"2.80",3.22,118,4340,5882,12,7318
3834,48,123,20812,34.7,6742.35,2300,13769.2,24000,14.6,2399.19512195122,2000,2870.5,166.852631578947,-375,3202.85,54321.8,700,23771.9660818713,23295.8,10449.25,"monthly issuance",23811.5181168831,10809,539827,"none",1,80,"F",9897,54,387570,1,100,"1.60",1.96,140,18721,5754,12,1921
7824,5,0,11500,600,4500,2200,5600,0,0,0,0,0,4500,2200,5600,22500,600,14900,19000,8200,"monthly issuance",14900,411,240709,"none",-1,50,"F",8441,60,110643,4,51.9,"3.45",4.48,115,1879,6594,24,7904
8566,38,42,47953,4.9,7839.62631578947,220.25,9591.15,59800,6.8,6626.82045454545,2077.5,8870.775,77.1426829268293,-14.6,4872.05,130801,-2719.7,27658.487804878,15589.35,32820.675,"monthly issuance",23370.319781746,9921,519820,"none",-1,78,"F",10673,74,323870,1,100,"4.75",5.44,100,18782,6738,36,6395
7965,20,22,48487,35.9,13133.975,8000,22565.4,24300,14.6,8085.14782608696,7268,4386,1784.21162790698,-14.6,10259.8,82549,200,47991.5302325581,47127.2,25101.35,"monthly issuance",42500.4560606061,9822,490127,"none",1,76,"M",8743,55,157042,9,33.9,"1.88",2.43,111,3659,6624,12,5955
5952,27,70,52968,105.9,18498.0925925926,1000,35039.05,43500,14.6,6047.69066666667,3684,5056,449.722549019608,-1594,5219.5,107784.1,1000,57219.5745098039,58082.7,27389.125,"monthly issuance",57558.1351299982,10023,320019,"none",1,59,"M",8187,50,102609,6,52,"4.83",5.45,94,2123,6216,24,5885
6040,36,97,33098,34.8,11518.7888888889,1900,21899.1,22500,14.6,3996.82268041237,2600,4415,202.891729323308,-1321,4437,70826.8,1100,42224.4390977444,41001.5,15965.6,"monthly issuance",40055.0043504595,10580,560086,"none",1,83,"M",12541,1,1204953,1,100,"0.29",0.43,167,85677,6229,24,489
4448,33,39,41064,8.8,9241.76060606061,1700,15756.9,47700,14.6,6417.6511627907,4200,5250,381.830263157895,-14.6,5181.775,121508.1,700,37265.6552631579,33826.8,18163.175,"monthly issuance",32680.7141468254,10401,230083,"none",1,49,"F",8441,60,110643,4,51.9,"3.45",4.48,115,1879,5887,36,5354
8982,45,36,49115,24.3,8119.22888888889,434.7,9573.7,64600,14.6,8201.27894736842,5450,7210.4,647.189156626506,49,5432.5,153213.7,1100,45134.721686747,41499.3,34386.45,"monthly issuance",41020.3081405896,10087,389908,"none",1,65,"F",9624,64,197099,10,74.7,"1.60",2.31,145,4484,6808,36,6330
6363,31,41,17580,36.7,6398.48709677419,7800,11543.8,13300,14.6,3666.48780487805,1320,6980,667.043055555556,-14.6,1812.65,54432.3,900,39290.6180555556,37606.2,10672.6,"monthly issuance",38586.2557460317,10224,480624,"none",1,75,"M",10673,74,323870,1,100,"4.75",5.44,100,18782,6297,12,1459
1012,11,3,24545,74.1,9059.65454545454,241.1,24371.95,18200,1400,10233.3333333333,11100,8400,4925.44285714286,206.95,18459.65,68956.1,500,41660.3928571429,46374.6,33630.425,"monthly issuance",43538.29375,319,490416,"none",1,75,"F",8403,65,114200,4,43.7,"5.74",5.72,105,2157,5161,24,4091
2167,31,46,36552,83.9,11986.9129032258,600,24189.95,29300,14.6,7136.76956521739,5922,5365,562.375324675325,-14.6,6122,79869.8,200,40091.1831168831,40091.8,20503.9,"monthly issuance",38614.181031746,10222,290314,"none",1,55,"F",8427,16,93931,8,56.9,"1.12",1.54,107,1874,5390,24,7094
5622,67,120,48883,90.2,20124.3179104478,22603,34939.8,64400,14.6,9929.64186046512,6327,12027,343.905612244898,-573,6944.65,136436.6,700,67891.9352040816,62019.1,40407.95,"monthly issuance",67113.5577179963,10894,150776,"none",1,42,"M",10177,70,285387,7,89.9,"6.63",7.75,81,9878,6150,12,6918
5991,23,41,24372,37.1,8584.58695652174,900,16091.3,13500,14.6,3998.05365853659,1978,3900,523.8328125,-800,4393.2,55816,900,36039.0515625,35555.2,8765.375,"monthly issuance",33951.4006746032,9982,370197,"none",1,63,"F",12541,1,1204953,1,100,"0.29",0.43,167,85677,6223,48,1272
290,22,36,48476,59.5,12984.8545454545,1462.8,20992.9,32100,14.6,6678.9641025641,3274,7534,412.904918032787,-2100,3533.9,89822.2,300,49084.3819672131,47260.1,26166.7,"monthly issuance",46496.2596392496,9901,540276,"none",1,81,"M",8772,56,124605,8,46,"4.69",4.98,126,2854,5032,48,2577
6148,22,32,34557,19.5,11115.2636363636,550,22863.925,21440,14.6,6356.33125,5560,7275.25,761.725925925926,-14.6,7353.75,69643.1,300,40204.4648148148,39960.55,10425.425,"monthly issuance",37452.6326839827,9877,359978,"none",1,63,"M",10673,74,323870,1,100,"4.75",5.44,100,18782,6253,24,2490
7133,34,63,12100,33.8,2590.10294117647,1650,4242.125,5880,14.6,1031.00634920635,115,1856,238.248453608247,-44,1005.1,33484.4,300,23050.1896907217,23519.2,5473.4,"monthly issuance",21748.6103174603,10189,460604,"none",1,72,"F",12541,1,1204953,1,100,"0.29",0.43,167,85677,6460,36,1352
8041,22,23,44739,100.9,11883.85,296.75,27782,63200,14.6,10137.9565217391,4500,10700,628.26,-14.6,4793.5,115000.2,400,43563.62,36927.7,21035.9,"monthly issuance",41895.4642857143,10096,530091,"none",1,80,"M",12541,1,1204953,1,100,"0.29",0.43,167,85677,6645,36,3900
1106,26,23,23844,10.2,6090.78461538462,162.15,12192.825,18000,30,5445.4,5400,7913,435.792156862745,10.2,5112.15,49563,800,23979.0117647059,24428,17528.45,"weekly issuance",25104.3173333333,10283,309881,"none",-1,57,"F",8547,20,70646,4,58.4,"2.65",3.64,120,1563,5176,24,8023
1527,28,30,48181,53.7,14078.8107142857,10350,22291.3,41400,0.4,10091.7675675676,5200,15154,320.173846153846,-100,6661.4,112045.6,-2564.7,41752.1615384615,32947.4,47308.8,"issuance after transaction",39752.445982906,10002,190207,"none",-1,45,"F",8930,31,51313,4,59.2,"3.52",4.2,108,1328,5269,36,4557
1978,36,91,51303,82.4,17320.6694444444,1900,33937.65,31200,30,6117.82795698925,5900,6645,423.148062015504,-2400,7164.6,93928.5,900,58336.311627907,61842.5,25536.3,"weekly issuance",55565.5414160401,10593,311079,"none",1,57,"F",8720,57,161954,8,48,"3.73",4.5,116,3729,5351,36,5700
4337,31,31,49907,43.8,14636.9580645161,10976,25185.9,57700,14.6,12258.9939393939,6700,16700,768.7328125,-14.6,15969,137087.2,900,52299.2859375,49206.1,24060.775,"monthly issuance",43537.1348251748,10092,450484,"none",1,72,"M",8843,29,45714,6,55.6,"2.82",3.6,113,818,5861,24,2142
2345,28,42,29954,20.2,10072.95,400,19830.275,22637,14.6,5698.22608695652,3612,3493.25,269.245945945946,-1257.3,4844.3,62238.8,500,33658.6175675676,31930.55,14013.6,"monthly issuance",32778.3222959184,10186,450688,"none",1,72,"M",9307,5,95616,6,51.4,"3.85",4.43,118,2616,5450,60,3328
10451,56,74,21056,7.8,4877.92678571429,162.55,13937.75,15800,14.6,3442.22432432432,2439,3964,141.840769230769,-14.6,3097.925,57707.2,900,26358.7546153846,25760.8,7588.1,"monthly issuance",25269.1178518214,10390,180698,"none",-1,44,"F",12541,1,1204953,1,100,"0.29",0.43,167,85677,7142,60,8049
6425,50,75,18552,8.3,6311.736,3900,12236.45,24480,14.6,3739.91466666667,3600,4110,280.7456,-14.6,4125.9,50774.2,700,30229.7976,29218.2,9589.3,"monthly issuance",29433.5802308802,10891,160297,"none",1,42,"F",8930,31,51313,4,59.2,"3.52",4.2,108,1328,6306,12,3057
6226,34,51,59793,32.1,21806.9352941176,20131,39620.825,48100,30,13117.6730769231,6400,21625,689.73023255814,-30,8507.15,121689.5,400,63383.5755813954,59356.05,22297.075,"weekly issuance",60534.0991005291,10494,341011,"none",1,60,"F",10673,74,323870,1,100,"4.75",5.44,100,18782,6272,60,6644
344,27,43,20922,75.7,7692.8,3200,13799.35,22900,14.6,3734.13488372093,2300,3789,673.397142857143,-57.3,4898.7,53376.7,600,35614.7442857143,34729.25,13852.425,"monthly issuance",36393.8826007326,10020,290490,"none",1,56,"M",9897,54,387570,1,100,"1.60",1.96,140,18721,5044,60,1683
2962,51,61,47033,128,16817.4274509804,11272,28915.85,64100,14.6,11648.7855072464,6000,15245,449.355,-14.6,14414.25,144715.3,1000,64493.0991666667,59385.2,43974.85,"monthly issuance",53363.0656875902,10691,550906,"none",1,81,"F",12541,1,1204953,1,100,"0.29",0.43,167,85677,5576,12,2604
10738,46,77,46194,5.4,8683.64130434783,4350,10833.925,60600,30,4812.07407407407,3200,7856,76.1377952755905,-186,3557.55,107692,200,25666.4070866142,19370.2,17823.5,"weekly issuance",24972.0714172336,10804,570704,"none",1,84,"M",8390,45,77917,5,53.5,"2.28",2.89,132,2080,7192,36,3222
3747,20,25,12861,36.1,4596.96,2800,8460.625,8700,14.6,2751.296,1827,1860,514.595555555556,-14.6,3489,41703.3,1100,26122.8488888889,27287.3,8710.8,"monthly issuance",26422.1770833333,9601,379474,"none",1,63,"F",12541,1,1204953,1,100,"0.29",0.43,167,85677,5739,12,6365
7523,14,3,30950,6.4,6845.75,158.7,15930.475,23300,10700,15666.6666666667,13000,6300,2872.97058823529,101.7,1890.4,71939.2,600,36999.5235294118,40830.1,25490.2,"monthly issuance",31539.595,9274,369077,"none",1,62,"F",8288,63,86513,5,50.5,"3.79",4.52,110,1562,6526,36,8013
3166,36,55,45056,10,9073.40277777778,4000,15936.65,26000,3.3,5295.11694915254,3300,5533.1,149.795789473684,-14.6,4107.8,89733.5,-2485.5,26746.5252631579,22832.1,24204.5,"monthly issuance",24609.2047201872,19293,229790,"none",-1,49,"M",8678,71,161227,10,69.7,"5.93",5.57,102,4980,5624,48,3703
6118,36,36,47433,105.9,13666.85,341.75,30659.075,52700,30,12250.2777777778,7500,7425,708.286111111111,37.95,7732.675,134501.4,200,60819.9763888889,52972,48934.375,"weekly issuance",53765.8649895054,9801,579004,"none",-1,84,"M",12541,1,1204953,1,100,"0.29",0.43,167,85677,6244,36,7518
816,49,65,41561,21.1,15032.1020408163,10560,28575.5,52900,14.6,10126.1647058824,4514,11400,410.203418803419,-14.6,10600,134187.4,200,63857.2367521367,61025.6,37862.1,"monthly issuance",58133.4966534392,19303,339178,"none",1,60,"M",8363,52,139012,10,61.9,"2.52",3.49,108,2564,5131,24,2026
9640,57,89,28659,48.8,8867.94385964912,2500,18952,21400,14.6,5137.60208333333,4087,6150,80.1503267973856,-1800,4279.5,64494.1,8686.4,31375.1607843137,28746.9,17702.9,"monthly issuance",32506.7324879227,19798,579209,"none",1,84,"M",12541,1,1204953,1,100,"0.29",0.43,167,85677,6960,24,3184
6715,38,44,20684,30.5,7317.18157894737,6100,13669.425,20848,30,5060.50980392157,3300,6700,224.347191011236,-30,4900,52658.4,200,24523.0730337079,25066.8,16627.4,"weekly issuance",24899.4064028945,19199,319802,"none",-1,58,"M",9060,48,78955,9,59,"1.78",2.44,124,1655,6358,60,2298
2245,50,59,49271,111.1,16705.18,12003.5,31756.525,54600,14.6,11110.1771428571,7911,9213.5,479.555,-14.6,11084.75,123013.2,300,54157.1941666667,52515.75,30178.825,"monthly issuance",47121.5902380952,19786,309086,"none",1,56,"F",8843,29,45714,6,55.6,"2.82",3.6,113,818,5418,48,7249
7857,37,101,57164,113.6,20195.8405405405,378.1,37909,42100,14.6,6434.81636363636,5250,7115,268.138095238095,-1042,7384,111588.8,300,47220.1340136054,46916.1,28142.45,"monthly issuance",49841.8709031786,19314,178988,"none",1,43,"F",8819,75,138032,5,64.6,"5.38",5.66,99,4063,6598,12,5676
2419,40,46,49008,109.8,18972.2875,20714.5,34060.2,57700,14.6,13727.82,9550,16079,805.561111111111,-14.6,21611.75,122452.2,900,59701.7866666667,53925.95,35859.225,"monthly issuance",54045.2876709957,19003,549223,"none",1,81,"M",8991,24,122603,8,80,"1.39",2.01,128,5198,5464,12,7984
7819,47,104,13251,26,4204.59361702128,1100,8731.3,19700,14.6,1728.30192307692,1296,1453,118.360927152318,-600,1815.8,41997.9,500,21368.9099337748,21411.4,6702.55,"monthly issuance",22286.2238871622,19401,469698,"none",1,73,"M",8965,38,85852,4,59.8,"7.08",8.23,104,2653,6591,48,434
3678,60,79,13352,16.7,4591.91166666667,4100,8814.975,9500,14.6,3325.35189873418,3240,5180,92.1719424460432,-14.6,5830,39616.2,800,18632.9338129496,17679.6,8037,"monthly issuance",19002.5564182195,19881,269983,"none",-1,53,"M",12541,1,1204953,1,100,"0.29",0.43,167,85677,5724,60,5269
6472,26,40,57680,111,19429.6115384615,850,38116.95,43700,14.6,11019.0651162791,5700,16787.5,454.349275362319,-1800,8454,120071.4,800,68377.0637681159,72265.4,31883.5,"monthly issuance",65781.0516483516,9998,190100,"none",1,44,"F",8814,61,117897,6,53.8,"4.76",5.74,107,2112,6315,12,3597
4413,25,41,50178,69.5,17512.224,1100,33294.5,32300,30,8836.76086956522,7802,7325,441.050704225352,-3400,8023.4,106144.8,1100,37596.9323943662,33259.8,20295.6,"weekly issuance",37818.9892857143,10093,269880,"none",1,53,"M",10673,74,323870,1,100,"4.75",5.44,100,18782,5876,48,4610
9750,28,21,48906,9.8,8910.70357142857,619.05,14046.775,27000,0.8,7690.04137931034,3100,14290.4,464.710526315789,-0.8,3338.1,82784.6,-669.7,30491.098245614,24192.5,43106.4,"monthly issuance",29274.1102020202,9695,189588,"none",-1,45,"M",10673,74,323870,1,100,"4.75",5.44,100,18782,6986,48,3161
6353,29,66,36634.5,24.3,13163.3655172414,700,24234.6,24300,14.6,5310.09090909091,2040,5398,329.174736842105,-586,6167.6,74199.5,700,43846.9778947368,41941.7,10534.75,"monthly issuance",41346.1773176129,19086,419807,"none",1,68,"M",10787,26,170449,1,100,"2.64",3.09,131,6041,6294,60,1332
817,22,36,32082,40.4,11733.3454545455,10794,21252.925,23800,14.6,6523.96111111111,4605,7460,401.224137931034,-880,7525.975,69775.9,200,33687.8586206897,32061.9,18482.375,"monthly issuance",32520.0158730159,9899,349589,"none",1,61,"M",9307,5,95616,6,51.4,"3.85",4.43,118,2616,5132,60,8975
4414,42,70,16257,51.9,5482.85238095238,2650,10741.15,11700,14.6,3011.43142857143,3509,2186,173.925,-610,3643.15,43393,1000,22360.5366071429,21295.7,9898.475,"monthly issuance",22160.8967813051,19313,439816,"none",1,69,"F",8991,24,122603,8,80,"1.39",2.01,128,5198,5877,24,4051
6030,38,56,30055.5,26.9,10476.6736842105,2100,19845.5,23400,14.6,6506.86428571429,1450,15246.35,358.821276595745,-14.6,2785.1,69893,400,45582.4489361702,42552.2,16707.55,"monthly issuance",43245.3057894737,19480,250094,"none",1,50,"F",9538,47,162580,6,72.8,"1.51",1.81,111,6079,6227,24,1177
11021,74,78,49960,28,12442.4743243243,334.65,19630.65,55200,2.5,10423.7069767442,6360.5,9075.75,151.901875,-14.6,7129.55,120806.4,-517.7,56053.9975,54777.6,43496.775,"monthly issuance",54625.0436926407,19494,189986,"none",-1,45,"M",12541,1,1204953,1,100,"0.29",0.43,167,85677,7241,24,7041
8564,53,82,57554,91.9,13581.8358490566,277,38143,38700,14.6,7696.06444444444,5483,4175,190.15034965035,-2800,7406.7,104676.1,1000,62933.4748251748,60464.8,31971.5,"monthly issuance",60808.1263241437,19399,460204,"none",1,72,"M",9893,68,228848,6,57.2,"4.09",4.72,96,5623,6737,24,3195
9869,40,79,33276,36.3,11490.66,800,22031.075,24700,14.6,5210.56202531646,5200,3389,403.294117647059,-2498,6037.75,71924.6,900,36941.9983193277,35371.1,11998.75,"monthly issuance",36359.542797619,19494,149192,"none",1,41,"M",8754,12,107870,6,58,"3.83",4.31,137,3804,7004,60,5526
5700,44,65,14422.5,26.2,5169.69772727273,4350,9487.2,13920,14.6,3034.44615384615,1700,2160,277.318348623853,-14.6,2307.9,46520.1,500,28250.1091743119,30635.9,10041.4,"monthly issuance",28019.4562131519,19596,239692,"none",-1,50,"M",8388,42,95907,7,59.1,"2.41",2.94,87,1658,6169,60,1728
1247,45,55,49327,61.8,14426.4355555556,8920,24482,55900,0.4,9781.31111111111,5100,12300,305.25,-14.6,13075,127684.9,-974.6,46341.2935185185,42210.8,38331.25,"monthly issuance",39963.5006500378,19708,239691,"none",-1,49,"F",8554,25,88757,10,61.7,"2.47",2.68,113,1822,5208,48,2077
8316,30,23,43785,12.2,8822.47666666667,268.95,11685.6,58800,14.6,9938.224,5800,10400,294.885454545455,57.8,5827.5,112839.2,900,44005.1127272727,36605.2,38035.85,"monthly issuance",39550.9487380952,9715,549808,"none",1,80,"F",10177,70,285387,7,89.9,"6.63",7.75,81,9878,6694,24,5616
3064,53,98,13881,22.1,4776.76603773585,2800,9138.2,11840,14.6,2258.17551020408,1455,3180,211.04238410596,-900,1771.9,41137.4,1000,24577.2,25718.2,9495.9,"monthly issuance",24369.9400793651,19798,299717,"none",1,55,"F",9317,40,128118,8,85.3,"6.49",7.07,97,6949,5599,12,1285
7607,41,76,22267.5,36.5,7781.15365853659,3700,14709.5,19680,14.6,3766.11052631579,3120,5020,280.366666666667,-600,5179.8,56122.8,600,31139.7478632479,29891.1,10544.3,"monthly issuance",31485.9424490714,19422,449917,"none",1,71,"M",12541,1,1204953,1,100,"0.29",0.43,167,85677,6546,24,1322
2228,20,14,46725,68.7,12500.505,496.25,22490.375,57400,1800,11973.2142857143,5350,6518.75,2423.09117647059,172.1,10856.25,145318.2,700,50113.1941176471,38689.45,26248.25,"monthly issuance",38235.2801282051,10010,500107,"none",1,76,"M",9675,34,125236,5,87.7,"6.43",7.68,100,5323,5414,48,3874
2361,37,38,10380,11.2,3672.61891891892,3400,6816.4,9000,14.6,2963.56315789474,3310,3623,310.286666666667,-14.6,6060,41876.9,500,22927.5026666667,23665.3,6665.7,"monthly issuance",22129.7787414966,10176,389976,"none",1,64,"F",8594,28,72541,8,36.9,"1.62",2.01,112,1580,5453,36,4352
3752,9,4,25603.5,24,8607.3,200,16921,13400,300,8550,10250,6500,3328.13076923077,148,17369,56498.4,200,35538.0461538462,39281.4,17294.9,"monthly issuance",30826.3066666667,9277,320198,"none",1,57,"F",12541,1,1204953,1,100,"0.29",0.43,167,85677,5740,12,1547
4079,52,95,48358,74.4,13041.75,9438,22111.15,37300,14.6,6339.34038461538,3350,7507,121.023076923077,-218,5271.5,130293.2,600,49916.091025641,46729.2,34712,"monthly issuance",44510.0310991296,19302,560296,"none",1,82,"M",8363,52,139012,10,61.9,"2.52",3.49,108,2564,5804,48,3312
8625,76,83,49060,38.3,15647.2947368421,9940,32131.775,59900,14.6,12381.7142857143,8151,16553,374.002395209581,-14.6,8543,148093,400,68740.0233532934,70189,45367.3,"monthly issuance",67580.9408071612,19300,239607,"none",1,50,"M",9624,64,197099,10,74.7,"1.60",2.31,145,4484,6745,24,1971
9591,72,103,49831,83.9,16041.9513888889,12512,24968.175,56400,14.6,9522.85042016807,4200,7796.5,114.142931937173,-1900,6100,147603.2,400,57357.8434554974,52538.3,35984.45,"monthly issuance",51670.122783374,19891,509199,"none",1,76,"M",10673,74,323870,1,100,"4.75",5.44,100,18782,6950,24,4363
9828,46,74,47472,62.3,17293.5565217391,16024,31465.8,32400,14.6,8683.52093023256,6200,10343.25,369.09696969697,-2550,8134.65,94043.3,400,47118.9931818182,46120.85,20703.8,"monthly issuance",46605.0042063492,19893,560186,"none",1,82,"M",9622,11,75637,7,36.5,"0.45",0.59,154,3475,6996,24,5275
1993,9,5,31037,66.2,6971.8,160.9,12070.3,15800,2200,7760,6000,7000,1710.44285714286,147.7,4115.225,51242.2,800,31793.7357142857,30793.9,10531.575,"monthly issuance",27109.2666666667,9385,189806,"none",-1,44,"F",9893,68,228848,6,57.2,"4.09",4.72,96,5623,5352,12,5700
5628,22,29,20727,43.4,7056.20454545455,4450,13688.05,14800,14.6,4235.62068965517,3000,4880,635.362745098039,-14.6,3786.05,53271.6,200,31185.1568627451,30880.1,9496.3,"monthly issuance",30052.697965368,9808,469622,"none",1,72,"F",8814,61,117897,6,53.8,"4.76",5.74,107,2112,6151,60,3757
1762,37,83,28362,86.7,9398.81621621622,3200,18721.5,28960,14.6,3694.54939759036,2520,4007,342.571666666667,-966.5,3519.625,67486,600,36063.7883333333,34652.45,15180.05,"monthly issuance",35494.2172175537,19217,549704,"none",1,80,"F",8594,28,72541,8,36.9,"1.62",2.01,112,1580,5310,36,6893
347,38,40,46293,16.8,13214.3052631579,1900,29139.925,51900,0.2,9026.228,7438.5,9489.05,577.638636363636,-14.6,8022.85,92571.3,-243.3,42084.3113636364,40798.2,30780.125,"monthly issuance",39165.7266946779,19288,479493,"none",-1,74,"M",8403,65,114200,4,43.7,"5.74",5.72,105,2157,5045,24,7801
9472,56,101,48143,92.8,16954.9410714286,16055.5,32725.95,51700,30,8862.70588235294,5119,8300,287.85253164557,-2300,5430.7,125887.5,800,57977.0348101266,53405.2,32625.15,"weekly issuance",55097.2999755317,19802,230105,"none",1,49,"M",12541,1,1204953,1,100,"0.29",0.43,167,85677,6929,12,3033
960,14,15,60016,100.5,21569.6071428571,20200.45,39711.475,40300,100,14564.3125,9504.5,19345,2298.18333333333,-100,10084.975,101793.6,200,72242.8966666667,79375.1,33383.475,"issuance after transaction",71627.0802721088,9422,369294,"none",1,62,"F",9753,4,149893,6,67.4,"4.64",5.05,109,5244,5151,60,3151
1256,29,57,22908,32.3,7801.57586206897,2300,15128.2,13600,14.6,3418.4,1800,4272,365.08023255814,-1178,3368.5,55373.3,700,34577.3023255814,33615.75,12871.175,"monthly issuance",33016.2816326531,10108,489512,"none",1,74,"F",8965,38,85852,4,59.8,"7.08",8.23,104,2653,5212,36,1974
854,41,107,15608,25,5670.47073170732,5800,10272.3,9900,14.6,1922.3738317757,1300,2461,181.049324324324,-700,2306.975,43787.3,700,30847.1493243243,30297.9,7321.45,"monthly issuance",29278.5913718821,19609,410214,"none",1,66,"F",8544,62,145688,5,40.7,"1.29",1.86,109,2719,5138,48,1817
3629,55,106,23810,17,7197.82909090909,1400,15756.95,17200,14.6,3393.67747747748,1894,4132.5,115.556626506024,-368,2887.5,59898.4,900,24908.7614457831,24269.95,9051.65,"monthly issuance",25266.1517247004,19803,170399,"none",1,43,"M",9060,48,78955,9,59,"1.78",2.44,124,1655,5713,60,2646
8377,41,33,43656,67.8,10538.9536585366,372.3,20991.5,52700,14.6,10639.9515151515,6100,13800,1094.30675675676,100.3,7143,127508.6,200,58445.027027027,57892.1,40980.225,"monthly issuance",38097.3547368421,19481,339687,"none",1,59,"F",8843,29,45714,6,55.6,"2.82",3.6,113,818,6704,60,6951
7190,49,70,12138,51.7,4125.16326530612,1500,7964.1,7300,14.6,2521.39428571429,1360,4694,215.423529411765,-14.6,2711.7,40733.8,700,29108.3638655462,28728,6985.9,"monthly issuance",27976.0640022676,19700,399792,"none",1,66,"M",8208,49,75685,9,60.8,"1.89",2.26,155,1660,6474,60,1056
8159,9,3,17241,59.4,6735.57777777778,8400,11365.1,11300,3300,7566.66666666667,8100,4000,3160.01666666667,164.45,12274.45,49220.3,200,27626.0833333333,30051.85,13326,"monthly issuance",25032.22,405,259388,"none",1,51,"F",10787,26,170449,1,100,"2.64",3.09,131,6041,6676,24,1241
9656,67,87,49193,12.2,18070.4059701493,11200,33062.1,53200,14.6,11982.0836734694,9295.5,8990.25,221.048484848485,-14.6,18133,151546.9,800,63889.8739393939,63915.9,41751.8,"monthly issuance",57191.2130741203,19499,539700,"none",1,79,"F",8814,61,117897,6,53.8,"4.76",5.74,107,2112,6965,24,5814
8489,64,84,26409,33.6,6441.2328125,146.65,17489.325,17700,14.6,4487.48333333333,3835,4420,238.447972972973,-14.6,3973.575,61993.3,700,35566.8810810811,34038.6,13885.275,"monthly issuance",34284.9471771284,19705,469795,"none",1,72,"F",8402,19,51428,4,52.7,"3.13",3.98,120,999,6725,36,7370
10630,11,5,19455,43,7095.2,6000,12837.4,13000,2000,8540.6,9300,3797,2209.0125,132.6,16295.75,51947.2,300,30953.14375,32320.25,9806.89999999999,"monthly issuance",27547.2388888889,509,390406,"none",1,65,"M",9832,41,118650,3,85.6,"3.32",4.48,114,6445,7166,24,8260
10440,48,89,11049,41.5,3840.34375,800,7269.825,7000,14.6,1881.55280898876,1950,2160,123.199270072993,-700,2050,39393.9,400,24643.2839416058,24441.5,7351.4,"monthly issuance",23886.2285714286,19790,489688,"none",1,75,"M",8994,72,226122,4,62.6,"3.80",4.79,110,9672,7138,60,1000
4774,38,65,35163,52,12116.3763157895,600,23337.85,42880,14.6,6511.84307692308,5300,5860,360.703883495146,-720,6677.6,79557.6,300,27778.745631068,24185.9,18318.45,"monthly issuance",28663.8286549708,10595,470201,"none",1,73,"M",8512,66,125832,5,48.3,"3.51",4.12,102,2247,5970,48,9689
5650,13,13,36975,68.7,12494.7615384615,900,24381,24500,100,9120,10530,12300,1687.38076923077,-15.65,9469.55,78713.7,900,54128.5653846154,60704.35,24538.45,"issuance after transaction",51451.6095238095,602,319486,"none",1,57,"F",10124,10,92084,5,46.7,"0.56",0.54,141,3810,6157,24,4108
5632,24,18,42729,31.1,11216.0125,5076,17146.1,33600,30,9639.6,5800,16279,575.39387755102,-30,10600,126077.1,1100,49651.8918367347,46262.4,39946.9,"weekly issuance",39821.6951851852,9610,149518,"none",1,40,"F",9307,5,95616,6,51.4,"3.85",4.43,118,2616,6153,60,4760
3489,17,15,24304.5,61.8,7533.60588235294,1200,16038.1,18000,14.6,5580.18666666667,3373,5470,1386.515625,100.55,5098,55576.8,1000,36548.81875,37549.7,12272.125,"monthly issuance",32167.4863541667,9593,440176,"none",1,69,"F",8899,9,81344,6,55.3,"3.39",3.97,149,2987,5693,24,1837
4580,23,28,49397,90.7,11452.4347826087,3400,18322.1,48100,14.6,8289.37857142857,6050,7792.25,613.792156862745,-14.6,9700,122906.7,500,41077.6352941176,35380.4,22298.45,"monthly issuance",35628.3054166667,9978,220290,"none",1,47,"F",8899,9,81344,6,55.3,"3.39",3.97,149,2987,5922,12,1685
4727,12,11,53613,69.6,19481.7583333333,18171,35542.625,46900,14.6,15314.1454545455,14100,18560,2840.23913043478,69.6,28171,107783.7,600,50214.5043478261,46317.5,29677.8,"monthly issuance",46717.644047619,598,359689,"none",1,61,"F",8507,2,88884,5,46.7,"1.67",1.85,132,2159,5959,24,4485
4825,34,38,16048,59.2,5691.88529411765,3700,10561.65,14075,14.6,3835.04545454545,2200,4625,317.719230769231,-14.6,3493.6,46848.9,1000,30812.9461538462,31500.85,11013.825,"monthly issuance",30895.5591111111,10214,269909,"none",1,53,"M",9045,15,58796,5,51.9,"3.13",3.6,124,1845,5980,12,1783
8776,36,34,20196,18.2,5087.99722222222,178.3,13320.075,14700,14.6,4079.47647058824,800,8350,635.224285714286,19.5,978.5,55077.5,600,38587.76,39696.9,9068.37500000001,"monthly issuance",35848.3066849817,10002,230022,"none",1,49,"M",9624,64,197099,10,74.7,"1.60",2.31,145,4484,6764,48,708
1375,33,57,30436,16.3,10959.403030303,3100,20097.5,19900,14.6,5645.97543859649,5930,7800,442.663333333333,-1100,6125.925,71486,800,48152.9533333333,46668.2,17471.125,"monthly issuance",44917.8829131653,10402,380400,"none",1,64,"M",8402,19,51428,4,52.7,"3.13",3.98,120,999,5237,24,1889
8492,47,49,16713,5,3868.08510638298,150.2,11036.3,10300,14.6,2906.79591836735,2400,3403,410.072916666667,-14.6,2639.075,44713.5,1000,30461.4041666667,31405.5,10325.8,"monthly issuance",29080.1503333333,10274,399883,"none",1,65,"F",8507,2,88884,5,46.7,"1.67",1.85,132,2159,6726,60,1431
9493,12,7,35378,70,10950.1166666667,350,23338.55,24500,14.6,10782.16,8504.5,17006.5,1071.80909090909,120.4,6375.25,71255.7,400,42203.1727272727,41669.5,31043.75,"monthly issuance",39723.3666666667,507,300186,"none",1,55,"F",9624,64,197099,10,74.7,"1.60",2.31,145,4484,6933,48,3931
915,16,19,58041,55.7,20681.70625,19697,38479.5,50600,14.6,14689.8842105263,14291,8450,1479.98571428571,-14.6,14768.3,121713.2,700,56105.5,51799.4,25601.85,"monthly issuance",52088.1962962963,798,600787,"none",1,86,"M",8994,72,226122,4,62.6,"3.80",4.79,110,9672,5145,48,6449
9897,15,20,27122,64.2,9289.21333333333,2400,17870.65,18500,14.6,5247.62857142857,4339,4553,809.388888888889,-1507,4605.925,63738,300,39063.7666666667,39082.6,18015.225,"monthly issuance",37731.3811111111,618,340103,"none",1,60,"M",12541,1,1204953,1,100,"0.29",0.43,167,85677,7008,12,3014
10942,56,72,49457,88.2,18056.9125,14336.5,30969.7,56700,30,12982.4324324324,7926,14200,388.362307692308,-30,19582.5,128119.4,500,63527.42,61799.15,38580.55,"weekly issuance",58089.1854480466,10397,399884,"none",1,65,"F",8254,44,105606,7,53,"2.79",3.76,97,2166,7227,60,5242
7861,12,6,27736.5,27.8,8711.65833333333,1100,18324.425,18100,14.6,10273.4333333333,13600,13005.5,2383.29444444444,163.35,14266.4,60863.2,700,38509.05,42287.25,6454.02499999999,"monthly issuance",34904.2261904762,586,409803,"none",1,66,"M",9675,34,125236,5,87.7,"6.43",7.68,100,5323,6600,36,607
8405,53,91,33190,83.4,7942.11886792453,147.9,22017.9,23840,14.6,4206.28791208791,3344,3940,265.000694444444,-410,4215.225,66744.4,900,34922.88125,33861.1,16134.65,"monthly issuance",34414.2462634279,10504,300797,"none",1,55,"F",8547,20,70646,4,58.4,"2.65",3.64,120,1563,6712,60,4437
10093,34,83,60566,102.1,20382.0558823529,1800,40186.375,36000,30,7099.07608695652,6100,6967.25,316.46746031746,-2762,7209.875,108575.3,800,45873.6166666667,43953.05,30298.875,"weekly issuance",48389.8721279762,10319,220490,"none",1,48,"M",12541,1,1204953,1,100,"0.29",0.43,167,85677,7057,36,6436
10663,47,105,65008,150.1,22177.2617021277,5600,43096,51700,14.6,8530.52807017544,7900,4535,433.857763975155,-4782,9506.3,124900.7,200,50676.8198757764,48822,25824.6,"monthly issuance",51021.0043346509,19820,189903,"none",1,45,"M",9622,11,75637,7,36.5,"0.45",0.59,154,3475,7176,36,7223
11349,11,7,62982,39,21108.2272727273,300,41760.55,64800,8500,29640.8571428571,29900,24857,1372.47222222222,203.15,46587.5,104039.9,200,59352.8333333333,60459.3,19745.025,"weekly issuance",53984.1222222222,503,499999,"none",1,75,"F",12541,1,1204953,1,100,"0.29",0.43,167,85677,7304,60,6998
6738,31,43,28431,14.1,9919.53870967742,1200,18767.45,22479,14.6,5808.71111111111,3900,7000,606.759210526316,-14.6,5332.575,69530.4,800,42164.0276315789,42031.95,13036.7,"monthly issuance",40053.8379166667,10303,190523,"none",1,44,"F",8544,62,145688,5,40.7,"1.29",1.86,109,2719,6362,12,3159
4423,14,5,44281,19.1,13746.65,1350,21712.15,37000,20100,25000,20100,7600,3550.16315789474,424.6,30547.45,129607.8,900,55315.1684210526,45802.1,41321.5,"monthly issuance",43990.6285714286,605,280502,"none",1,53,"F",10446,39,119895,4,89.9,"7.34",9.4,90,4947,5880,36,2051
7546,31,70,31462,71.6,10373.6387096774,1800,20786.4,25400,14.6,4012.2972972973,3400,4401,234.979047619048,-198,4017.9,71527,500,41502.0257142857,40647.1,19667.4,"monthly issuance",41174.1788077201,10199,229892,"none",1,48,"M",9425,43,161854,6,76.3,"1.72",2.5,125,4085,6535,12,3496
2343,24,28,16866,58.5,5352.90833333333,1300,11131.95,11900,14.6,3487.34285714286,3450,3523,592.773076923077,-14.6,3933.075,46568,300,27019.5711538462,27138.45,8861.49999999999,"monthly issuance",25515.6727489178,9895,150395,"none",1,40,"F",9893,68,228848,6,57.2,"4.09",4.72,96,5623,5449,24,4139
6609,26,29,49767,15.9,18483.8576923077,14536.5,31266.975,53600,14.6,13795.58,3881,21673.25,1191.30178571429,-14.6,15588.25,159712.8,400,72667.6357142857,71840.8,55476.625,"monthly issuance",61309.7685185185,785,190304,"none",-1,45,"M",8427,16,93931,8,56.9,"1.12",1.54,107,1874,6342,36,1671
2218,24,33,61557,67.2,22366.575,20819,40770.875,53500,14.6,14230.0057142857,3700,26450,656.738983050847,-14.6,11548.6,110447.5,600,67475.9016949153,62933.3,30355.55,"monthly issuance",63200.2645604396,9997,440794,"none",1,69,"F",8402,19,51428,4,52.7,"3.13",3.98,120,999,5409,60,3034
9627,64,76,49769,200,20764.9109375,19890.5,31657.55,57200,100,15534.5,6200,24375,598.571527777778,-100,24194.25,143453.3,200,75924.2409722222,72477.55,34975.475,"issuance after transaction",70178.5732603844,10400,250720,"none",1,51,"M",8403,65,114200,4,43.7,"5.74",5.72,105,2157,6955,48,5091
9731,25,43,28446,104.9,9973.764,700,18825.8,21074,100,4580.63829787234,3458,3647,472.973611111111,-1320,4981.825,58022.1,500,36840.5736111111,35807.25,17112.725,"issuance after transaction",37673.6495866402,9921,240113,"none",1,50,"M",9897,54,387570,1,100,"1.60",1.96,140,18721,6985,36,3161
789,23,28,8538,15.7,3179.50869565217,2600,5583,7100,14.6,1842.25,1641,953,422.464705882353,-14.6,2641,33555.4,500,23255.1490196078,23537.7,5523.45,"monthly issuance",22492.8364761905,917,249905,"none",1,50,"M",10446,39,119895,4,89.9,"7.34",9.4,90,4947,5125,48,1522
4081,9,3,11878,29.4,6195.53333333333,7400,11755.3,9000,3500,6866.66666666667,8100,2750,2929.98333333333,361.35,12730.95,43259.7,600,26886.1916666667,29820,12728.925,"monthly issuance",24202.9333333333,406,270622,"none",-1,53,"M",9622,11,75637,7,36.5,"0.45",0.59,154,3475,5805,24,5746
5774,12,11,29418,71.1,10761.475,10156,19371.25,16900,14.6,7135.50909090909,5400,10040,2202.04782608696,71.1,14206,65769.6,700,46304.152173913,47267.7,19947.45,"monthly issuance",44654.6916666667,520,270999,"none",1,53,"M",12541,1,1204953,1,100,"0.29",0.43,167,85677,6185,24,1299
11042,21,33,54286,4.4,18197.2857142857,400,35989.2,34200,14.6,9440.65555555556,8019,6231.5,741.743859649123,-4400,8649,109774.3,400,49107.0666666667,45138.3,23630.3,"monthly issuance",45957.4784199134,1075,210497,"classic",1,47,"M",8994,72,226122,4,62.6,"3.80",4.79,110,9672,7243,36,6032
6924,37,71,36536,108.1,12922.227027027,300,24197,23532,14.6,5883.09736842105,4585,2475,274.398230088496,-3400,5159.4,71138.8,300,36421.4256637168,33892.5,19114.8,"monthly issuance",37737.0432796216,10604,159999,"none",1,41,"M",10673,74,323870,1,100,"4.75",5.44,100,18782,6403,48,4060
7765,30,43,47513,56.9,9539.81333333333,308.8,16031.35,25700,30,5822.04347826087,4200,6192,241.847368421053,-30,6924.4,82352.4,500,30639.8631578947,27575.3,17441.825,"weekly issuance",29321.2845767196,10501,460995,"none",1,72,"M",8363,52,139012,10,61.9,"2.52",3.49,108,2564,6578,12,2332
2227,50,48,48996,66.1,13338.338,8325,20391.775,45500,30,10938.7288135593,11594,9786,197.540366972477,-30,19200,122342.1,300,50436.4660550459,45686.2,38956.9,"weekly issuance",41818.6287626263,10690,250205,"none",1,50,"F",8930,31,51313,4,59.2,"3.52",4.2,108,1328,5413,24,3874
9583,50,48,48996,66.1,13282.386,8247,20368.8,44800,30,10931.1034482759,11797,10036,278.84537037037,-30,19826.5,119752.3,300,52379.1287037037,50101.25,39288.425,"weekly issuance",43200.5980050505,10690,250205,"none",1,50,"F",8930,31,51313,4,59.2,"3.52",4.2,108,1328,6949,24,4363
7606,35,46,46829,71.8,16177.3971428571,12269,26836.95,59200,14.6,9378.61153846154,4534,8485.5,902.541379310345,-2400,13262,128539.4,400,53685.7862068966,50942.3,39669.4,"monthly issuance",53401.470950938,897,460904,"none",1,72,"M",9104,21,103347,7,67,"1.51",2.07,123,2299,6545,60,3198
5742,14,11,39741,107.8,14073.0428571429,13411.5,23877.875,37300,100,11983,5000,15300,1527.54074074074,107.8,17911.5,102665.9,600,63188.6333333333,58708.2,37531.2,"issuance after transaction",59377.1577777778,511,251087,"none",1,50,"F",10673,74,323870,1,100,"4.75",5.44,100,18782,6178,48,4845
1011,25,37,30604,49.3,10772.44,2100,20245.7,16100,14.6,5782.955,5400,4488.75,584.504615384615,-500,7258.4,68172.8,400,37809.3984615385,37992.7,14541.6,"monthly issuance",35962.2205128205,10001,510712,"none",1,77,"M",8390,45,77917,5,53.5,"2.28",2.89,132,2080,5160,60,3400
8899,57,62,49974,69.3,10958.0245614035,500,22446.6,45200,30,8651.42857142857,3713,10185,149.664566929134,-30,4007.9,110933.4,500,51145.5157480315,49670.4,28544.6,"weekly issuance",45622.9222307207,10320,510610,"none",1,77,"M",12541,1,1204953,1,100,"0.29",0.43,167,85677,6785,60,2089
7562,22,31,58052,64.8,21228.2272727273,19550.5,38451.15,34700,30,12692.1470588235,7850,17197.25,633.714285714286,-915,12190.725,112363.1,400,58185.5892857143,55669.4,17001.3,"weekly issuance",54560.600218254,1114,200605,"none",1,46,"M",8994,72,226122,4,62.6,"3.80",4.79,110,9672,6540,48,6450
7815,30,56,49775,152.6,18658.64,18702,27746.275,57600,30,7985.20338983051,2197,7478.5,995.867415730337,-268,5246.2,125386.9,700,54137.1056179775,46836.2,34998.4,"weekly issuance",53867.4787257187,9692,509177,"none",1,76,"M",8402,19,51428,4,52.7,"3.13",3.98,120,999,6589,24,7904
4503,32,37,48633,65.4,18854.3875,15721.5,33827.025,46400,14.6,12188.2533333333,6000,17195,712.584415584416,-14.6,14766,146479.5,200,64881.3142857143,64000,43753.6,"monthly issuance",55751.1799624218,9998,209177,"junior",1,46,"M",8187,50,102609,6,52,"4.83",5.45,94,2123,5900,48,2820
4907,50,127,23282,38.1,8028.006,2900,15384.5,22240,14.6,2946.69606299213,1800,3613,153.502259887006,-600,2832.1,63095.4,500,31814.2683615819,29992.8,16607.6,"monthly issuance",32847.2183421168,19897,259193,"none",1,50,"F",8388,42,95907,7,59.1,"2.41",2.94,87,1658,5999,48,2059
5126,22,26,12549,24.4,4421.57272727273,1450,8207.925,9600,14.6,2922.80769230769,3200,3808,443.366666666667,-14.6,3975,44427.9,400,31814.4145833333,32580.2,9857.625,"monthly issuance",30352.8212142857,9708,479806,"none",1,72,"F",8757,58,109164,4,63.6,"3.38",3.95,96,2212,6043,48,424
2496,50,66,11210,31,3959.488,2450,7358.25,6300,14.6,2654.98484848485,2570,4262,196.081034482759,-14.6,3750,37946.3,1100,24377.3715517241,25429.5,9512.25,"monthly issuance",24136.365170068,19591,459794,"none",1,70,"F",8541,51,121947,11,70.5,"2.51",2.97,131,3496,5482,60,2752
11138,13,16,46981,26.2,16579.9615384615,6288,39769.6,47100,30,11028.75,6050,9800,1347.56896551724,-30,6900,116004.2,800,62571.2827586207,69927.2,37698.1,"weekly issuance",54846.3611111111,9301,329603,"none",1,58,"M",10177,70,285387,7,89.9,"6.63",7.75,81,9878,7263,24,3745
4995,35,44,42530,1.5,8997.41428571429,274.9,15654.75,27600,0.1,6494.23617021277,3400,9550,118.053658536585,-30,3951.925,78192.9,-36.1,34740.7024390244,35677.9,23258.025,"weekly issuance",35226.6000781626,19402,569388,"none",-1,82,"M",8547,20,70646,4,58.4,"2.65",3.64,120,1563,6013,36,3583
3804,48,108,47436,106.4,16674.8104166667,2300,31391.025,31800,14.6,6471.39482758621,4458,6907,303.104268292683,-643,5928.05,86343.2,13097.7,49291.8225609756,46462.85,29170.5,"monthly issuance",51175.7626704093,19801,469584,"none",1,71,"F",9920,7,94725,6,63.4,"2.26",2.87,130,4289,5750,12,5271
5066,9,3,47337,36.9,13988.3888888889,6900,14958.9,31400,13800,22066.6666666667,21000,8800,4974.625,320.55,15247.325,89256.9,400,44763.4583333333,44434.7,20773.875,"weekly issuance",36187.0214285714,9383,428985,"none",-1,67,"F",8598,13,53921,2,41.3,"2.77",3.26,123,1597,6027,24,2569
6400,9,4,49634,96.5,12129.3222222222,700,23483.8,32700,8700,18200,15700,8550,2797.22307692308,212.2,18193,83619.5,700,45099.2615384615,50334,17187.8,"issuance after transaction",43344.565,9203,379599,"none",-1,62,"F",8930,31,51313,4,59.2,"3.52",4.2,108,1328,6303,24,3017
10884,26,43,28386,29.2,9068.92692307692,1700,18771,20900,14.6,4942.33777777778,3400,4674,188.547887323944,-1326,4573.85,68048.1,700,33990.4197183099,33890,16917.9,"monthly issuance",32945.3897269397,9993,539295,"none",1,79,"M",8403,65,114200,4,43.7,"5.74",5.72,105,2157,7213,36,3154
8092,28,40,13986,43.6,4958.14642857143,3150,9236.6,10700,14.6,3085.52,1150,5441,226.577941176471,-14.6,3122.9,45346.1,1000,20158.0014705882,19327.4,11650,"monthly issuance",19839.6519557823,10109,379513,"none",1,63,"M",9897,54,387570,1,100,"1.60",1.96,140,18721,6659,60,935
5735,42,52,49763,5.1,17131.3333333333,14373.5,28976.875,56400,9.9,12205.8810344828,6050,14080.5,115.749,-14.6,19555,129626.3,-2825.2,59647.424,64491.75,43082,"monthly issuance",53184.4094671202,10096,369994,"none",-1,61,"F",8363,52,139012,10,61.9,"2.52",3.49,108,2564,6175,60,4845
3112,48,79,48959,54.9,16989.9770833333,11682,31808.4,59200,14.6,9224.225,2400,9772,606.10078125,-1468,4034.2,138433.7,700,70622.83359375,68720.8,40353.85,"monthly issuance",58273.4621762156,19412,189412,"none",1,43,"F",8965,38,85852,4,59.8,"7.08",8.23,104,2653,5610,48,2567
2912,47,58,48887,88.4,18684.4787234043,13514,37930.9,62500,14.6,13768.0774193548,7600,22634,225.226605504587,-14.6,18200,147375.1,1100,64777.0752293578,60033.7,32677,"monthly issuance",53601.4134329004,19499,469014,"none",1,71,"M",10673,74,323870,1,100,"4.75",5.44,100,18782,5563,60,6336
4852,27,32,13600,43.4,4581.64074074074,6400,7048.4,8160,14.6,3011.8,2960,3864,463.164406779661,-14.6,6970,42443.7,400,27951.913559322,28339.2,7201.8,"monthly issuance",26084.042007992,9891,319882,"none",1,57,"M",9538,47,162580,6,72.8,"1.51",1.81,111,6079,5989,36,5925
8327,23,25,48620,32.1,14307.7304347826,302.9,23486.95,57900,30,10241.7037037037,4500,8230.5,1051.036,-30,6040.45,108390.1,200,60054.734,53713.4,36831.225,"weekly issuance",56182.5390625,9502,169691,"none",1,42,"M",12541,1,1204953,1,100,"0.29",0.43,167,85677,6698,48,5161
1772,26,44,72298,51.3,26091.9115384615,24649.5,47987.475,45200,30,11259.7358490566,9515,9914,1033.21139240506,-4400,12203.7,139880.9,1100,57124.2683544304,51402.9,30950.45,"weekly issuance",55652.7885652443,10093,429593,"none",1,67,"F",8930,31,51313,4,59.2,"3.52",4.2,108,1328,5312,36,5633
10728,32,53,28994,28.5,9834.021875,1350,19187.225,17585,14.6,4868.56140350877,3867,2793,417.760674157303,-2400,4010.2,61782,1000,31791.3280898876,30766.1,13011.9,"monthly issuance",31104.7694345238,19098,399193,"none",1,64,"M",8678,71,161227,10,69.7,"5.93",5.57,102,4980,7189,48,3222
9017,15,3,18792,26.5,4005.80666666667,123,7423.9,15100,6600,9566.66666666667,7000,4250,1743.72777777778,99.5,1945.6,46487.1,700,28124.9333333333,27691.5,11849.5,"monthly issuance",25034.404,9204,390125,"none",-1,63,"F",10177,70,285387,7,89.9,"6.63",7.75,81,9878,6816,48,2088
5574,43,91,71565,95.5,25106.9720930233,1500,47523.9,59000,30,9700.58252427184,7500,8794,550.957534246575,-3600,12012.175,112689.5,900,49477.3212328767,45566.8,33117.9,"weekly issuance",48684.3540950716,19696,529284,"none",1,78,"M",8598,13,53921,2,41.3,"2.77",3.26,123,1597,6137,12,3719
808,30,31,23130,31.1,5505.57666666667,135.15,15340.35,18700,6.8,5049.24516129032,4100,6600,141.650819672131,-6.8,4235.1,50124.8,-3424.6,21447.6245901639,20641.2,17139.8,"monthly issuance",21119.461461039,9798,390194,"none",-1,64,"M",8173,69,42821,3,48.4,"?",7.01,124,NA,5128,48,4492
2456,17,17,37686,60.7,12752.4294117647,1100,24875.7,26600,14.6,9408.87777777778,9054,8975,1355.18571428571,-14.6,9904,83553.5,600,47938.0657142857,46076,24336.1,"monthly issuance",47743.0401190476,9506,410195,"none",1,66,"M",8403,65,114200,4,43.7,"5.74",5.72,105,2157,5470,48,4187
3037,46,70,47031,15,13759.6739130435,4850,25563.475,53200,14.6,8751.14084507042,6600,7450,99.2649572649573,-14.6,7540.3,129394.2,1000,46487.0025641026,41374.5,37774.2,"monthly issuance",35416.5848611111,19892,159501,"none",-1,40,"F",8254,44,105606,7,53,"2.79",3.76,97,2166,5593,36,7719
1967,30,30,47112,45.7,10919.69,3450,13708.475,32100,30,9072.13333333333,7000,9814,923.778333333333,7.85,9925,88597.4,900,35914.855,27239.4,35591.975,"weekly issuance",36796.5127301587,10208,409900,"none",1,66,"M",10787,26,170449,1,100,"2.64",3.09,131,6041,5350,48,5194
5213,23,24,70071,68.7,17416.5260869565,232.7,46545.95,49700,14.6,13115.4740740741,7500,13511,929.246,-14.6,7794.2,130775,1000,49482.968,47937.05,28526.125,"monthly issuance",48600.7784126984,9607,599616,"none",-1,85,"M",12541,1,1204953,1,100,"0.29",0.43,167,85677,6063,48,6687
7418,58,32,22708,44.8,4202.67931034483,167.7,4247.675,18500,14.6,6436.02352941176,2850,10341.25,270.984782608696,100.4,2362.175,58621.4,1000,31318.872826087,28150.5,12203.9,"monthly issuance",32331.3904059829,10022,570006,"none",-1,81,"F",9104,21,103347,7,67,"1.51",2.07,123,2299,6501,12,2523
2352,31,79,30378,28.7,10568.7967741935,900,20055.4,20000,4,3577.35443037975,800,5556.7,409.288181818182,-34,3485.6,74419.8,300,47798.8654545455,45432.5,19406.275,"monthly issuance",43773.3001792478,10308,299423,"none",1,54,"F",10177,70,285387,7,89.9,"6.63",7.75,81,9878,5452,60,824
19,46,32,22708,47.1,5264.7652173913,236.95,15053.175,18200,14.6,6656.61176470588,2800,12425,198.18,78.5,3775,58157.5,715,25197.0925,20462.9,19477.475,"monthly issuance",26602.074023199,10022,570006,"none",-1,81,"F",9104,21,103347,7,67,"1.51",2.07,123,2299,4961,12,2523
67,37,84,62235,57.8,21979.5081081081,700,41286.9,41400,14.6,8972.18636363636,6393,11780,189.5152,-445,7684.9,107069.6,700,52523.2448,49178,28305.7,"monthly issuance",52215.7570175439,19483,519889,"none",1,76,"F",8427,16,93931,8,56.9,"1.12",1.54,107,1874,4973,24,6915
5794,20,27,47109,14.8,11561.24,272.7,21351.075,43300,14.6,7438.59310344828,2500,10300,316.440816326531,-14.6,4396,105255.7,300,39514.6775510204,39646.5,35158.6,"monthly issuance",36437.0177777778,9792,289876,"none",1,54,"M",10177,70,285387,7,89.9,"6.63",7.75,81,9878,6190,60,2060
8411,54,73,33096,96.5,7748.14814814815,195,21934.725,20500,14.6,5296.9027027027,3826.5,2762,206.478125,-14.6,4367.05,70272.7,1100,36907.45625,33454.45,16101.65,"monthly issuance",39243.9023172906,19304,529691,"none",1,77,"F",8547,20,70646,4,58.4,"2.65",3.64,120,1563,6715,60,3677
4462,7,3,49631,20,12213.0285714286,900,17129.9,28000,7600,16866.6666666667,15000,10200,3489.12,170.1,12295,77551,900,34798.28,34788,18133.25,"weekly issuance",26891.3866666667,9287,609793,"none",-1,86,"M",8746,73,182027,7,56.4,"3.33",3.74,90,4355,5892,24,2770
7614,30,49,60108,91.6,21503.09,20286,39812.4,46600,14.6,9930.06896551724,7201.5,9423.5,785.780681818182,-2750,8809.6,117827.8,500,60781.3068181818,60212.65,27999.55,"monthly issuance",56644.2805700549,10310,259409,"classic",1,50,"F",8544,62,145688,5,40.7,"1.29",1.86,109,2719,6550,48,6679
3608,52,75,42094,8,8837.95192307692,4914.5,9453.275,64900,30,5515.41025641026,3124,3675,225.934615384615,-30,3594.025,113865.5,500,33219.9,27996.7,15097.3,"weekly issuance",29944.3510137085,19694,249800,"none",1,50,"M",8994,72,226122,4,62.6,"3.80",4.79,110,9672,5706,36,4486
940,36,54,56756,93.6,20623.95,19115.7,37587.675,56800,14.6,11169.7379310345,5750,13200,1006.56808510638,-14.6,10490.95,109361.9,300,64182.6414893617,60703.25,29452.95,"monthly issuance",62043.3312406015,19414,379614,"none",1,62,"F",9065,37,114006,9,62.3,"4.46",5.39,123,4147,5148,60,4738
8547,47,42,49769,39.4,14459.529787234,9776,24376.55,62700,30,12580.1276595745,6600,10923.5,939.701063829787,4.7,15480,123928.2,300,61799.2436170213,55686.2,36989.15,"weekly issuance",52615.2260552897,9813,510307,"none",1,75,"F",10045,14,177686,9,74.8,"1.42",1.71,135,6604,6734,36,4806
5422,58,117,49781,9.7,19070.6534482759,18658,33471.025,64500,14.6,8067.62258064516,2320,8043,580.839010989011,-1133.5,5443.325,151062.3,1100,60030.7434065934,56445.75,38081.975,"monthly issuance",57159.6019577645,19581,219799,"none",1,47,"M",8512,66,125832,5,48.3,"3.51",4.12,102,2247,6109,60,6148
9645,9,4,34881,34.9,15688.0777777778,1100,34697.3,30400,5600,21900,25800,10100,4122.51538461538,183.7,40481,83783.4,1100,47154.5,48718.7,17611.6,"monthly issuance",41013.9,483,329486,"none",1,57,"F",8965,38,85852,4,59.8,"7.08",8.23,104,2653,6961,36,4893
9006,82,98,49424,67.1,13975.6951219512,358.75,27958.55,60600,30,10416.6944444444,4541,12676.75,110.547368421053,-30,4859.5,129557.3,700,61578.3015789474,58175.1,41800.575,"weekly issuance",58214.3676226551,19706,370479,"none",1,62,"M",9317,40,128118,8,85.3,"6.49",7.07,97,6949,6810,48,3883
2572,57,72,73228,94.6,18340.4578947368,239.7,48631.1,59500,0.3,12413.1721518987,7700,20150,476.216911764706,-100,9268.75,126072,600,51149.6551470588,50700,27567.05,"issuance after transaction",53372.1623721989,19500,230306,"none",1,47,"F",9624,64,197099,10,74.7,"1.60",2.31,145,4484,5494,48,7500
1766,45,141,29412,50.3,10581.04,1400,19420.7,20000,14.6,3032.78865248227,1080,4304,260.879569892473,-49,2375.4,69382.9,500,37213.4075268817,36839.4,12791,"monthly issuance",37374.4754004329,19712,449709,"classic",1,70,"M",8594,28,72541,8,36.9,"1.62",2.01,112,1580,5311,60,501
2322,48,127,49053,28.9,15197.84375,9885.5,27410.175,61600,14.6,5430.33538461539,1612,2340,132.319662921348,-1019,3465.7,119892.5,900,43657.8134831461,39579.7,26715.1,"monthly issuance",41746.5746669997,10527,170415,"none",1,42,"M",8705,33,133777,11,84.7,"5.75",7.61,116,4650,5445,24,1930
1698,7,3,28840,49.6,9777.11428571429,800,19078.9,16200,200,7066.66666666667,4800,8000,4723.98,148.1,14757.85,63263.1,800,32592.68,34363.35,25159.025,"monthly issuance",27293.9,392,459780,"none",1,70,"F",9893,68,228848,6,57.2,"4.09",4.72,96,5623,5301,36,3943
10001,29,40,24126,14.2,8717.20689655172,800,15897.5,22300,14.6,5065.785,1800,8650,727.066666666667,-14.6,2301.9,64981.1,600,43121.7550724638,40403.7,13299.8,"monthly issuance",40581.2128888889,10183,220306,"none",1,46,"F",8991,24,122603,8,80,"1.39",2.01,128,5198,7034,36,529
8680,15,4,21430,52.5,5781.13333333333,147.8,14197.7,15900,7600,12550,13350,4400,1921.94736842105,108.2,10389.55,52782.7,800,31337.2578947368,31273.5,12818.3,"monthly issuance",28614.2375,502,580211,"none",1,83,"M",8114,17,74062,7,61.4,"2.38",2.62,119,1003,6751,36,2381
8127,51,83,49818,104.4,17472.9882352941,11447,35307.95,60700,14.6,9302.83076923077,7500,5534,313.83661971831,-2471.5,8638.85,164648.6,1000,63263.1471830986,58472.1,38837.325,"monthly issuance",53857.5085353535,19702,279685,"none",1,52,"F",9065,37,114006,9,62.3,"4.46",5.39,123,4147,6667,24,6495
5541,39,68,11200,20.7,4044.68461538462,4000,7017.15,20700,14.6,2043.27352941176,750,2514,175.701869158879,-500,1935.1,43206,300,25906.4093457944,26003.7,10406.95,"monthly issuance",25125.9392273576,10394,539703,"none",1,79,"M",9425,43,161854,6,76.3,"1.72",2.5,125,4085,6130,48,680
2268,34,62,35469,57.8,12967.8176470588,11962.2,23450.875,24500,14.6,6051.95483870968,4500,5342,684.214583333333,-400,5955.775,77158.8,200,52636.5989583333,54842.65,24016.65,"monthly issuance",48994.1601851852,10507,250493,"none",1,50,"M",12541,1,1204953,1,100,"0.29",0.43,167,85677,5429,36,561
3679,27,37,25862,50.4,8397.54444444444,3700,17078.3,16300,14.6,4999.71891891892,3869,5160,652.2515625,-14.6,6052,62903.5,800,32404.7734375,33789.65,15486.225,"monthly issuance",31343.9613425926,9908,320394,"none",1,57,"M",9624,64,197099,10,74.7,"1.60",2.31,145,4484,5725,48,9268
5033,29,48,10734,24.1,3711.33103448276,2300,7033,6700,14.6,1662.67083333333,1820,1442,361.303896103896,-700,1956.3,39514.1,300,27533.6636363636,27975.2,5532.5,"monthly issuance",26212.4472222222,9922,160295,"none",1,40,"F",9897,54,387570,1,100,"1.60",1.96,140,18721,6019,12,950
6985,28,36,48172,13.4,16277.0607142857,6869.5,32433.55,64100,14.6,11009.5052631579,6951,10767,566.613636363636,-14.6,11056.825,117830.9,900,51611.3424242424,54056.05,31939.925,"monthly issuance",45249.63001221,9998,280619,"none",1,52,"F",8965,38,85852,4,59.8,"7.08",8.23,104,2653,6421,36,2688
9790,23,51,49512,61,17825.6434782609,7324,35285.5,60800,14.6,6701.075,2600,8217,439.615189873418,-2100,7643.15,117458.5,200,46772.3151898734,43470.5,28557.95,"monthly issuance",46716.2136952862,9618,530197,"classic",1,78,"M",8363,52,139012,10,61.9,"2.52",3.49,108,2564,6992,48,2791
846,16,9,43502,2.5,18044.1875,17674,32107.15,49500,14.6,22425.4666666667,26100,29000,3475.112,300,29412,137193.5,300,66292.372,65663.7,45269,"monthly issuance",59000.3820952381,419,190218,"none",1,43,"F",8994,72,226122,4,62.6,"3.80",4.79,110,9672,5136,24,7796
1886,10,5,40614,70.9,15043.88,13888,26807.65,34500,1100,15160,16300,20300,4975.92,252.2,28526,83862.8,700,51279.5533333333,53822.9,37060.05,"monthly issuance",51279.5533333333,426,389908,"none",1,63,"F",9272,32,105058,10,81,"2.80",3.22,118,4340,5337,36,4513
2580,20,24,17313,31.8,6166.78,3250,11368.2,8200,14.6,3408.875,4650,3791,943.695454545455,-14.6,4982.8,54020.1,500,39644.7636363636,41451.7,8156.10000000001,"monthly issuance",37281.0183068783,9693,249690,"none",1,49,"F",8441,60,110643,4,51.9,"3.45",4.48,115,1879,5495,60,1489
9928,20,24,17313,31.8,6167.025,3250,11364.475,8200,14.6,3379.70833333333,4650,3816,959.715909090909,-14.6,4977.85,54628.1,500,40005.4818181818,42234.9,8879.425,"monthly issuance",37543.6608465608,9693,249690,"none",1,49,"F",8441,60,110643,4,51.9,"3.45",4.48,115,1879,7013,60,1489
4994,12,4,31830,141.4,8032.675,4409.5,13337.7,14600,5200,10625,11350,2575,3368.25625,256.9,10643.95,61790.4,600,40688.1375,47318.85,18482.4,"weekly issuance",33937.4976190476,692,300276,"none",1,55,"M",12541,1,1204953,1,100,"0.29",0.43,167,85677,6012,36,7179
7184,27,78,34486,38.6,12015.7777777778,500,22821.05,21700,14.6,3640.14615384615,1879,3934,385.662857142857,-691,3472.6,72838.9,500,45183.3495238095,43354.3,21004.2,"monthly issuance",41507.9084126984,10185,530697,"none",1,77,"F",9307,5,95616,6,51.4,"3.85",4.43,118,2616,6471,24,6485
6358,32,50,50696,25.6,17764.690625,3850,33610.025,30800,14.6,9284.27272727273,7200,8676,664.771264367816,-2901,13270.7,91294.4,700,47654.2448275862,44761.3,24040.3,"monthly issuance",47326.5300595238,10279,340399,"none",1,59,"M",8980,3,75232,5,41.7,"1.95",2.21,111,2824,6296,48,5633
11359,45,101,40521,67.3,14509.6088888889,1000,26851.6,30100,14.6,6149.50784313725,4518,8071,174.71156462585,-254,5302.7,81705.8,1000,36480.1850340136,34194,20043.3,"monthly issuance",38865.3327922078,19805,280393,"classic",1,53,"M",8814,61,117897,6,53.8,"4.76",5.74,107,2112,7305,12,4502
5593,18,16,49412,108.4,18505.6833333333,19056,30830.925,54100,14.6,12612.419047619,6049,13800,1749.78205128205,-14.6,18481,124090,800,53505.2153846154,48952.1,34959.45,"monthly issuance",46215.3229591837,582,340286,"none",1,59,"M",9045,15,58796,5,51.9,"3.13",3.6,124,1845,6144,12,3698
6289,38,46,49917,135.9,18351.1026315789,13317.5,36090.85,60800,14.6,12710.7021276596,5457,17500,1175.75176470588,-14.6,15622,156504.1,800,65066.7352941177,56513,30177.1,"monthly issuance",58375.0245471522,10406,470404,"none",1,71,"F",9624,64,197099,10,74.7,"1.60",2.31,145,4484,6283,48,1784
11054,16,14,22338,50.5,8064.7875,8050,14703.325,22780,30,7583.86666666667,6600,9406,492.858064516129,50.5,12850,63289.9,400,32435.3193548387,33483.9,22422.65,"weekly issuance",31689.6217687075,619,190017,"none",1,44,"M",8444,59,108871,6,62.1,"3.24",3.47,106,2595,7246,60,2482
544,31,43,34184,69.6,12375.0870967742,4700,22599.4,26700,14.6,7483.67391304348,3950,11267,511.411688311688,-14.6,5327.4,72327.7,400,44829.5441558442,44706.2,14840,"monthly issuance",42635.1929464286,10307,539612,"classic",1,78,"M",9272,32,105058,10,81,"2.80",3.22,118,4340,5088,24,3798
4851,13,5,42127,55.6,13177.7076923077,800,26901,34600,1800,16520,19500,19100,4928.34444444444,208.75,14240.1,123310.1,200,45100.4222222222,35057.65,41594.025,"monthly issuance",34906.1,618,440105,"none",1,69,"M",8363,52,139012,10,61.9,"2.52",3.49,108,2564,5988,24,5902
1583,54,58,40855,21.7,8491,6400,11481.425,44700,2.4,6360.86060606061,4850,8600,322.476666666667,-100,8100,84743.5,-2838.8,21371.32,13867.2,25253.3,"issuance after transaction",20649.7867748918,19707,270511,"none",-1,51,"F",8173,69,42821,3,48.4,"?",7.01,124,NA,5282,48,8094
4650,29,25,9500,34.9,3118.03448275862,3800,4950.8,9100,14.6,2927.64,2828,4546,319.111111111111,70.5,7241,35650.8,200,21568.9351851852,22517.9,10895.775,"monthly issuance",20309.1390692641,9810,160019,"none",1,41,"M",9753,4,149893,6,67.4,"4.64",5.05,109,5244,5938,60,6700
3084,14,13,40419,13.4,12261.3214285714,4600,23802.975,30200,30,10556,8400,10896.5,459.258620689655,-30,8700,111044.2,300,37095.8448275862,30212.2,31518.6,"weekly issuance",31379.0229166667,700,510021,"none",-1,75,"F",8444,59,108871,6,62.1,"3.24",3.47,106,2595,5606,36,7042
2143,16,15,33669,84.1,11367.79375,6000,22208.2,26600,14.6,8815.72,7264,13650,1601.57741935484,84.1,13264,76403.1,700,49220.9806451613,52448.6,18090.9,"monthly issuance",42688.9911904762,796,160078,"none",1,40,"F",12541,1,1204953,1,100,"0.29",0.43,167,85677,5385,36,1985
9199,9,2,22090,63.8,7487.84444444444,800,14657.3,13900,9700,11800,11800,2100,3980.96363636364,118.6,14661.35,43790.6,800,28977.4363636364,28875.3,5391.4,"monthly issuance",26059.68,396,489890,"none",-1,74,"M",8994,72,226122,4,62.6,"3.80",4.79,110,9672,6865,12,2454
2994,11,3,28603.5,53.7,10108.3,4700,18825.55,18600,13000,16100,16700,2800,4492.23571428571,573.95,18985.925,62891.3,900,42930.2071428571,48574.25,31079.275,"monthly issuance",45023.2933333333,411,320500,"none",1,56,"F",8909,77,148545,4,53.5,"4.01",5.56,113,3460,5586,36,1354
6397,37,51,27150,52.9,9716.02162162162,3800,17960.8,19900,14.6,5660.12142857143,2951.5,8225,457.268817204301,-14.6,5250.4,60475.3,500,34005.9064516129,31943.6,11600,"monthly issuance",33173.9128320802,10601,300302,"none",1,54,"F",9060,48,78955,9,59,"1.78",2.44,124,1655,6302,60,3017
10762,24,29,28353,28.1,9718.26666666667,2100,18724.925,24000,14.6,6265.43448275862,3400,11200,972.467924528302,-14.6,6135,61939.6,700,37557.0547169811,38903,13376.8,"monthly issuance",36050.8719444444,9894,370216,"none",1,62,"M",12541,1,1204953,1,100,"0.29",0.43,167,85677,7194,36,1912
7136,39,83,49816,60.9,14442.8282051282,7300,29439.1,43200,30,6477.25301204819,2000,4553,210.31393442623,-623.5,2438.1,159765.9,400,54371.2991803279,45953.15,42731.725,"weekly issuance",43742.1181492799,10510,570506,"none",1,81,"F",8754,12,107870,6,58,"3.83",4.31,137,3804,6461,36,2059
8533,38,31,49461,146.2,12971.7921052632,5620.5,22736.25,46800,14.6,14154.4387096774,7200,21350,784.644927536232,218.4,10600,127067.6,600,72968.3811594203,75709.6,20840.7,"monthly issuance",57702.652245671,9909,440703,"none",1,68,"F",9538,47,162580,6,72.8,"1.51",1.81,111,6079,6732,48,3626
7926,12,7,47952,65.8,14356.9083333333,13266,16666.75,36300,30,15475.7142857143,10800,23800,3365.94210526316,294,16842.5,89570.9,900,56910.6894736842,62253,36526,"weekly issuance",55542.1416666667,313,460620,"none",1,70,"F",8173,69,42821,3,48.4,"?",7.01,124,NA,6613,24,3505
10019,38,52,48883,1.3,15618.8078947368,9214,29915.45,58700,14.6,10552.8716981132,5400,15300,375.961538461538,-14.6,6793.05,138172.6,600,56669.7879120879,51224.3,61672.35,"monthly issuance",45622.8574597278,10310,319895,"none",1,57,"M",11277,8,112065,8,69.4,"1.25",1.44,127,5179,7036,36,5415
4476,47,122,21513,72.8,7555.32340425532,2600,14220.45,14000,14.6,2768.42786885246,3103,2570,102.674556213018,-912,3298,48157.1,500,29941.9053254438,28910.4,9083.7,"monthly issuance",29399.1684886128,19815,239698,"none",1,48,"F",8991,24,122603,8,80,"1.39",2.01,128,5198,5897,24,633
9814,84,59,46253,24.8,7330.07976190476,213.2,8686.725,53500,30,9417.18461538461,8200,10400,24.2261744966443,92.4,7238,138010.1,600,50492.688590604,45815.7,27876.1,"weekly issuance",45822.6826506562,10807,240114,"none",1,48,"F",9624,64,197099,10,74.7,"1.60",2.31,145,4484,6995,12,8014
2236,19,12,36854,20.2,7729.64210526316,166.3,6141.4,23400,400,8766.66666666667,6650,7900,1343.97419354839,121.1,4466.3,65062.8,300,31532.7483870968,27774.2,12590.5,"monthly issuance",28728.1630952381,10099,380114,"none",-1,63,"M",8746,73,182027,7,56.4,"3.33",3.74,90,4355,5415,36,3874
10436,14,9,11244,27.8,4458.81428571429,4998,7360.775,5400,14.6,2912.73333333333,2800,3100,1574.29565217391,110.3,9096,42308.8,800,30293.7086956522,34187.7,12046.4,"monthly issuance",26099.98,607,570201,"none",1,82,"M",8441,60,110643,4,51.9,"3.45",4.48,115,1879,7136,36,1511
11186,46,88,58870,43.2,20602.6739130435,604.8,39030.5,35300,14.6,9221.4206185567,8100,8219,372.344055944056,-4280,10015.5,115913.4,900,57131.7405594406,53259.7,26733.6,"monthly issuance",56621.2290717736,19878,159889,"none",1,40,"F",8754,12,107870,6,58,"3.83",4.31,137,3804,7271,60,6541
2106,18,20,18513,33,6132.84444444444,2300,12214.55,10000,14.6,4683.52,3468,6340,440.021052631579,-14.6,3809.2,43218.7,400,26449.0921052632,26852.3,15511,"monthly issuance",25823.55375,802,199991,"none",1,44,"F",12541,1,1204953,1,100,"0.29",0.43,167,85677,5375,12,8460
3230,36,39,48447,36.3,15884.2055555556,1726.8,40355.75,63600,14.6,13399.643902439,3700,19600,291.506493506493,-14.6,6853.6,142917.9,200,50722.2701298701,39720.9,47041.2,"monthly issuance",42705.9421818182,10693,419795,"none",1,66,"F",12541,1,1204953,1,100,"0.29",0.43,167,85677,5635,36,2144
9024,29,24,22317,37.4,5128.58620689655,178.5,14770.7,26080,14.6,5260.54166666667,3620,4952.5,424.075471698113,80.4,1988.5,55343.2,600,32646.8509433962,29509.8,11633,"monthly issuance",32703.9353928571,899,440278,"none",1,69,"M",12541,1,1204953,1,100,"0.29",0.43,167,85677,6817,48,1472
4585,9,3,13609,62.9,6738.76666666667,5700,13467.4,5700,4600,5300,5600,550,3729.075,170.8,14711.825,44749,200,25896.4666666667,27635.1,14229.075,"monthly issuance",23273.4733333333,402,490691,"none",1,74,"M",8561,27,67298,7,43.8,"0.65",1.29,110,1029,5923,48,1347
1862,36,53,59415,79.1,21574.0361111111,20055,39378.85,37300,30,11661.9491525424,6300,11448,932.74,-30,10454.5,104859.1,500,58855.2778947368,56772.4,19276.6,"weekly issuance",57945.9127192982,10601,460914,"none",1,70,"F",8402,19,51428,4,52.7,"3.13",3.98,120,999,5329,60,6602
8039,21,34,45287,52.1,10912.8238095238,900,16228.9,42900,14.6,5968.62941176471,3231,3549,477.016363636364,-610,3446.5,96108.3,900,40078.7072727273,31149.3,34659.6,"monthly issuance",43338.4362193362,9803,240397,"none",1,49,"M",8899,9,81344,6,55.3,"3.39",3.97,149,2987,6644,24,3900
6688,10,1,8200,16.3,4243.1,4577.5,7970.1,3600,3600,3600,3600,0,3530.09090909091,1000,8057.65,38831,1000,23324.9363636364,25926.3,13256.25,"monthly issuance",22415.7533333333,398,460296,"none",1,70,"F",8427,16,93931,8,56.9,"1.12",1.54,107,1874,6354,36,638
501,24,32,44022,66.3,10113.6416666667,601.85,14079.25,22300,14.6,5207.6875,3500,5610.4,1358.59642857143,-14.6,4186,78574.3,900,41729.6160714286,36765.3,19182.25,"monthly issuance",38210.0326923077,10003,300715,"none",1,54,"F",8598,13,53921,2,41.3,"2.77",3.26,123,1597,5082,60,4383
7795,71,91,48768,27.1,18717.614084507,17168,32148.4,63300,14.6,12696.7326732673,7600,12700,270.817441860465,-14.6,21195.5,128495.4,500,64044.0459302326,61084.8,34843.175,"monthly issuance",60820.835421258,10924,510903,"none",1,76,"M",9624,64,197099,10,74.7,"1.60",2.31,145,4484,6585,60,6202
9422,16,22,64642,105,23035.90625,21734.4,42790.95,50500,14.6,12516.0307692308,9200,17509.75,1027.56428571429,-107,12041.475,128146,300,59935.2714285714,56576.6,30026.125,"monthly issuance",62353.5344940476,723,559825,"none",1,80,"F",10177,70,285387,7,89.9,"6.63",7.75,81,9878,6921,12,7182
2062,16,22,64642,105,23036.1125,21734.4,42787.275,50500,14.6,12650.6461538462,9200,17509.75,944.309523809524,-107,12042.7,128146,300,60273.6785714286,57824.5,31665.15,"monthly issuance",62384.9143154762,723,559825,"none",1,80,"F",10177,70,285387,7,89.9,"6.63",7.75,81,9878,5366,12,7182
4447,13,12,49871,16.8,16504.2538461538,10558,29836,34100,14.6,14365.8615384615,10600,19000,1069.19615384615,1.1,19659.5,128778.8,200,62590.4230769231,66142.4,33489.325,"monthly issuance",56652.7425,415,320717,"none",1,57,"M",8544,62,145688,5,40.7,"1.29",1.86,109,2719,5886,36,5354
3754,17,32,44342,48.2,14909.7588235294,900,29392.1,34800,30,6209.08108108108,1600,9800,439.442592592593,-906.5,3936.3,94207.7,900,44948.6259259259,42442.8,20615.825,"weekly issuance",42805.827345679,884,200187,"none",1,45,"M",9065,37,114006,9,62.3,"4.46",5.39,123,4147,5741,24,2856
132,16,14,47976,116.9,16852.55,14682,31941.125,35100,100,12715.5333333333,9300,19150,2545.41290322581,116.9,22932,103239,200,62778.0903225806,68139,29351.4,"issuance after transaction",62787.4340079365,595,510403,"none",1,75,"F",9317,40,128118,8,85.3,"6.49",7.07,97,6949,4996,12,7370
5001,37,41,45549,105,20541.9594594595,25586,36087.7,52500,14.6,14515.4266666667,9292,18700,1303.15,-14.6,27698.25,135658.1,700,76232.7,77999.1,43016.175,"monthly issuance",67922.2606018519,9894,330097,"none",1,58,"M",8240,53,107911,7,50.9,"2.53",3.56,99,1850,6015,24,4588
6434,29,34,45640,83.5,13368.2827586207,2400,32203.5,60700,14.6,10203.9294117647,4891,10125,646.771428571429,-14.6,5432.45,140542.8,400,50815.8047619048,43102.1,27752.75,"monthly issuance",40195.0495762133,10603,380887,"none",1,62,"F",12541,1,1204953,1,100,"0.29",0.43,167,85677,6309,24,4589
5263,45,47,8888,23.2,3480.19555555556,3700,5794.3,5760,14.6,2745.33191489362,3480,2690,299.763043478261,-14.6,7110,40755,500,25997.5630434783,26422.55,8825.25,"monthly issuance",24802.656442577,10398,200406,"none",1,45,"M",9624,64,197099,10,74.7,"1.60",2.31,145,4484,6073,60,4605
4948,25,22,37346,21.9,8558.236,1900,8278.9,51700,14.6,7565.06086956522,4710,3750,832.489583333333,38.35,6860,127807.6,900,32434.69375,25581.55,20047.15,"monthly issuance",26327.3779598506,10386,170584,"none",1,42,"M",9425,43,161854,6,76.3,"1.72",2.5,125,4085,6006,60,5996
3115,17,18,48180,17.7,16276.9,1900,31933.3,34000,14.6,11405.8952380952,10124,9274,978.513157894737,-14.6,12438.875,90257.3,700,40524.4631578947,36556.8,31231.725,"monthly issuance",40180.1047619048,788,600208,"none",1,85,"M",10045,14,177686,9,74.8,"1.42",1.71,135,6604,5611,60,5353
9548,11,6,18109,64.5,8385.28181818182,1000,17956.7,13400,700,8918.83333333333,10106.5,2796.75,2277.94705882353,115.9,26009,54705.1,1000,33613.1058823529,36596.1,11822.6,"monthly issuance",29660.7472222222,508,300012,"none",1,55,"M",8544,62,145688,5,40.7,"1.29",1.86,109,2719,6944,48,962
10297,22,28,31540,44.9,10392.4136363636,3000,20873.15,19100,14.6,7052.32142857143,8300,8026.5,623.362,-14.6,10174.075,72330.4,600,37436.422,34062.4,10204.3,"monthly issuance",35071.8545454545,999,430517,"none",1,68,"M",10045,14,177686,9,74.8,"1.42",1.71,135,6604,7101,48,8771
7859,40,58,54092,92.7,19563.4225,18530.5,35713.275,50700,14.6,11030.7258064516,6250,15125,966.979411764706,-14.6,7599.425,109338.9,1000,75686.0656862745,80402.55,32399.725,"monthly issuance",72530.6007709751,10805,440009,"none",1,68,"F",8363,52,139012,10,61.9,"2.52",3.49,108,2564,6599,12,6010
9510,13,7,22288,66.5,7594.04615384615,800,14641.4,9100,14.6,6430.65714285714,6700,2000,2685.4,202.35,21009,60236.6,500,41402.135,45463.25,16694.3,"monthly issuance",40069.8566666667,513,350319,"none",1,60,"M",12541,1,1204953,1,100,"0.29",0.43,167,85677,6940,36,6341
1250,17,23,34246,11.5,11558.8941176471,900,22659.2,23900,14.6,7504.46956521739,7900,8704,597.46,-37.8,8880.55,64411.8,600,37802.23,36247,17521,"monthly issuance",34510.8354497355,797,540706,"none",1,78,"F",8544,62,145688,5,40.7,"1.29",1.86,109,2719,5209,48,3805
2153,22,45,46166,79.1,16171.5545454545,15537.35,30628.275,30200,30,6851.48979591837,4900,8566,282.411267605634,-2000,7971.35,73559.9,200,32967.7126760563,29935.4,18648.8,"weekly issuance",36049.7847474747,1021,531024,"none",1,78,"M",8930,31,51313,4,59.2,"3.52",4.2,108,1328,5388,12,5130
4981,21,31,34960,35.6,11922.2761904762,4000,23135,23040,14.6,6912.67741935484,4930,10040,693.746153846154,-427.3,5121.825,81614.7,200,44093.9711538462,42006.5,16113.625,"monthly issuance",40785.073015873,1006,230007,"none",1,48,"M",9897,54,387570,1,100,"1.60",1.96,140,18721,6011,48,3736
3021,16,14,29176,35.6,9343.175,1300,19281.75,21800,14.6,8931.7,7800,12375,814.9,77.9,8575,62153.6,300,39426.07,38807.8,16590.275,"monthly issuance",34771.4340740741,784,370179,"none",1,61,"F",10124,10,92084,5,46.7,"0.56",0.54,141,3810,5591,48,3242
10520,21,13,36305,175,8001.85714285714,361.8,3138.2,31700,100,8415.38461538462,3800,10500,1724.67647058824,346.85,2536.8,87052.1,200,43196.7441176471,34237.35,24668.45,"issuance after transaction",39110.385,10181,260193,"gold",1,51,"M",8743,55,157042,9,33.9,"1.88",2.43,111,3659,7154,60,6960
10411,25,40,46000,67.5,7693.968,356.1,11709,27400,100,4599.8,3020,4093,128.572307692308,-1807,3376.1,85626.9,700,28359.2553846154,23668.3,18058.3,"issuance after transaction",30499.2214002268,10088,320197,"gold",1,57,"M",10446,39,119895,4,89.9,"7.34",9.4,90,4947,7130,24,5142
9030,70,102,26388,23.7,6448.58285714286,179.75,17435.525,36960,14.6,3830.45882352941,2587,3019,352.872093023256,-14.6,2920.725,75294.1,200,44197.5098837209,45168.75,13311.325,"monthly issuance",42437.3173148148,11091,250802,"none",1,49,"F",8994,72,226122,4,62.6,"3.80",4.79,110,9672,6818,48,3242
3189,28,30,44352,103.2,13417.5571428571,7859.5,25372.225,52600,14.6,10197.1806451613,5700,8612.5,1009.81355932203,-14.6,10340,130659.1,800,55230.4440677966,49889.3,36747.5,"monthly issuance",48725.5875340136,10086,570895,"none",-1,82,"M",8843,29,45714,6,55.6,"2.82",3.6,113,818,5625,60,3703
8972,20,19,31636.5,41,8544.93,167.8,20976.45,22100,14.6,6974.43157894737,2900,15020,984.215384615385,41,2645.8,63659.3,800,41994.9076923077,38056.3,22552.95,"monthly issuance",37066.3286458333,700,390717,"none",1,63,"F",10177,70,285387,7,89.9,"6.63",7.75,81,9878,6805,48,938
10963,51,66,49887,51.1,16554.9862745098,9842,33934,50800,14.6,10992.1397260274,3900,16069,337.726612903226,-14.6,9306.75,119527.2,1100,56646.5161290323,52526.3,33333.85,"monthly issuance",52135.5580539322,10705,430624,"none",1,68,"M",8427,16,93931,8,56.9,"1.12",1.54,107,1874,7233,36,3217
11362,29,78,24212,50.1,8811.75862068966,2900,16018.5,16100,14.6,2965.91538461538,515,4651,226.164485981308,-129,4854.3,56055.6,1000,30869.7813084112,29703.6,17389.7,"monthly issuance",30122.2103131313,10213,340208,"none",1,58,"F",8110,67,106054,6,63.1,"5.77",6.55,109,3244,7308,24,5392
